event_id,customer_id,asset_id,validator_address,event_type,gross_amount,fee_amount,net_amount,earn_date,settle_date,distribute_date,reward_state,protocol_epoch,protocol_block_height,source_system,created_at
STAKE002813,CUST020,ASSET_MATIC,0x3f5ce5fbfe3e9af3971dd833d26ba9b5c936f0be,reward_earned,84.48453031,9.4178149,75.06671541,2024-07-23,2024-07-26,2024-07-29,settled,epoch_141458,16667001,protocol_oracle,2024-07-27 21:11:13
STAKE002711,CUST019,ASSET_ETH,0x00000000219ab540356cbb839cbe05303d7705fa,reward_earned,0.00591655,0.00049405,0.0054225,2025-01-11,2025-01-13,2025-01-15,settled,epoch_296646,16557174,protocol_oracle,2025-01-27 05:45:36
STAKE001498,CUST011,ASSET_ATOM,cosmosvaloper1clpqr4nrk4khgkxj78fcwwh6dl3uw4epsluffn,reward_earned,8.37534509,0.83566321,7.53968188,2024-10-01,2024-10-22,2024-10-22,settled,epoch_280811,17514734,protocol_oracle,2024-10-23 05:02:56
STAKE001102,CUST008,ASSET_SOL,Vote111111111111111111111111111111111111111,reward_earned,0.16932263,0.02005404,0.14926859,2025-05-11,2025-05-13,2025-05-15,settled,epoch_315996,19735965,protocol_oracle,2025-05-06 23:52:00
STAKE001026,CUST007,ASSET_MATIC,0x3f5ce5fbfe3e9af3971dd833d26ba9b5c936f0be,reward_earned,93.10066933,8.86751259,84.23315674,2024-09-15,2024-09-18,2024-09-20,settled,epoch_822142,15757456,protocol_oracle,2024-09-11 10:37:16
STAKE002802,CUST020,ASSET_DOT,16SpacegeUTft9v3ts27CEC3tJaxgvE4uZeCctThFH3Vb35T,reward_earned,0.88282507,0.09231511,0.79050996,2025-04-15,2025-05-13,2025-05-14,settled,epoch_706929,16973543,protocol_oracle,2025-04-03 02:46:27
STAKE000255,CUST002,ASSET_ADA,pool1pu5jlj4q9w9jlxeu0z42304fyjrjw36jqsjttxzmlkelh2vqe,reward_earned,25.28649637,2.24056985,23.04592652,2024-09-14,2024-09-14,2024-09-16,settled,epoch_490032,16216680,protocol_oracle,2024-09-25 10:07:00
STAKE000152,CUST001,ASSET_SOL,GE6atKoWiQ2pt3zL7N13pjNHjdLVys8LinG8qeJLcAiC,reward_earned,1.87147463,0.21652916,1.65494547,2025-02-10,2025-02-12,2025-02-12,settled,epoch_160289,17984197,protocol_oracle,2025-02-01 19:29:21
STAKE000192,CUST002,ASSET_DOT,16SpacegeUTft9v3ts27CEC3tJaxgvE4uZeCctThFH3Vb35T,reward_earned,3.54901826,0.29867438,3.25034388,2025-02-20,2025-03-20,2025-03-22,settled,epoch_793875,18096340,protocol_oracle,2025-02-09 22:51:04
STAKE000818,CUST005,ASSET_ATOM,cosmosvaloper1clpqr4nrk4khgkxj78fcwwh6dl3uw4epsluffn,reward_earned,6.92832003,0.58286361,6.34545642,2024-11-14,2024-12-05,2024-12-05,settled,epoch_342540,18445497,protocol_oracle,2024-11-28 01:13:29
STAKE002368,CUST016,ASSET_MATIC,0x3f5ce5fbfe3e9af3971dd833d26ba9b5c936f0be,reward_earned,56.06028213,5.65603282,50.40424931,2025-01-20,2025-01-23,2025-01-25,settled,epoch_836573,15994048,protocol_oracle,2025-01-16 00:44:32
STAKE001591,CUST012,ASSET_SOL,GE6atKoWiQ2pt3zL7N13pjNHjdLVys8LinG8qeJLcAiC,reward_earned,1.26493719,0.10730592,1.15763127,2024-10-04,2024-10-06,2024-10-06,settled,epoch_464758,17939292,protocol_oracle,2024-10-17 06:18:56
STAKE002538,CUST018,ASSET_ADA,pool1pu5jlj4q9w9jlxeu0z42304fyjrjw36jqsjttxzmlkelh2vqe,reward_earned,1.5057948,0.15334422,1.35245058,2025-06-17,2025-06-18,2025-06-18,settled,epoch_446153,17603332,protocol_oracle,2025-06-14 19:18:24
STAKE000475,CUST004,ASSET_ADA,pool1pu5jlj4q9w9jlxeu0z42304fyjrjw36jqsjttxzmlkelh2vqe,reward_earned,63.01380084,7.44074086,55.57305998,2024-11-22,2024-11-22,2024-11-25,settled,epoch_384660,19641286,protocol_oracle,2024-11-18 23:34:55
STAKE001477,CUST011,ASSET_ETH,0xae7ab96520de3a18e5e111b5eaab095312d7fe84,reward_earned,0.04977822,0.00474327,0.04503495,2025-05-16,2025-05-16,2025-05-19,settled,epoch_319120,16966945,protocol_oracle,2025-05-25 05:37:37
STAKE001175,CUST008,ASSET_ADA,pool1pu5jlj4q9w9jlxeu0z42304fyjrjw36jqsjttxzmlkelh2vqe,reward_earned,57.98573469,6.10280748,51.88292721,2024-11-24,2024-11-24,2024-11-25,settled,epoch_922181,17064698,protocol_oracle,2024-11-12 04:46:23
STAKE002021,CUST015,ASSET_ADA,pool1pu5jlj4q9w9jlxeu0z42304fyjrjw36jqsjttxzmlkelh2vqe,reward_earned,96.96807715,11.32072531,85.64735184,2024-11-04,2024-11-04,2024-11-04,settled,epoch_630036,16576206,protocol_oracle,2024-11-01 04:22:32
STAKE000447,CUST003,ASSET_AVAX,NodeID-MFrZFVCXPv5iCn6M9K6XduxGTYp891xXZ,reward_earned,74.94010948,8.32827115,66.61183833,2025-04-25,2025-04-26,2025-04-28,settled,epoch_625927,15383713,protocol_oracle,2025-04-20 12:58:11
STAKE001381,CUST010,ASSET_ATOM,cosmosvaloper1clpqr4nrk4khgkxj78fcwwh6dl3uw4epsluffn,reward_earned,4.37623012,0.37605293,4.00017719,2025-01-09,2025-01-30,2025-02-02,settled,epoch_200129,15491238,protocol_oracle,2025-01-18 04:17:56
STAKE001791,CUST013,ASSET_SOL,GE6atKoWiQ2pt3zL7N13pjNHjdLVys8LinG8qeJLcAiC,reward_earned,0.13734077,0.01505234,0.12228843,2025-06-23,2025-06-25,2025-06-28,settled,epoch_728833,17592955,protocol_oracle,2025-06-01 23:28:37
STAKE000705,CUST005,ASSET_ADA,pool1pu5jlj4q9w9jlxeu0z42304fyjrjw36jqsjttxzmlkelh2vqe,reward_earned,69.45098347,8.26529668,61.18568679,2025-05-16,2025-05-17,2025-05-17,settled,epoch_363814,17249922,protocol_oracle,2025-05-09 09:38:32
STAKE000233,CUST002,ASSET_AVAX,NodeID-MFrZFVCXPv5iCn6M9K6XduxGTYp891xXZ,reward_earned,29.21776556,3.10830932,26.10945624,2025-03-18,2025-03-19,2025-03-22,settled,epoch_764909,17376059,protocol_oracle,2025-03-23 19:59:57
STAKE000293,CUST002,ASSET_SOL,GE6atKoWiQ2pt3zL7N13pjNHjdLVys8LinG8qeJLcAiC,reward_earned,0.83846148,0.07376862,0.76469286,2024-09-09,2024-09-11,2024-09-12,settled,epoch_189755,17494219,protocol_oracle,2024-09-19 20:29:34
STAKE002040,CUST015,ASSET_ADA,pool1pu5jlj4q9w9jlxeu0z42304fyjrjw36jqsjttxzmlkelh2vqe,reward_earned,80.70108537,8.25249655,72.44858882,2025-05-24,2025-05-24,2025-05-26,settled,epoch_251779,17933061,protocol_oracle,2025-05-03 09:21:11
STAKE002720,CUST019,ASSET_ETH,0x00000000219ab540356cbb839cbe05303d7705fa,reward_earned,0.09052849,0.01074762,0.07978087,2025-04-07,2025-04-08,2025-04-08,settled,epoch_634975,15185980,protocol_oracle,2025-04-14 04:16:29
STAKE002520,CUST018,ASSET_ADA,pool1pu5jlj4q9w9jlxeu0z42304fyjrjw36jqsjttxzmlkelh2vqe,reward_earned,25.41469923,2.60197103,22.8127282,2025-02-03,2025-02-04,2025-02-07,settled,epoch_859335,15746811,protocol_oracle,2025-02-24 00:14:33
STAKE002341,CUST016,ASSET_SOL,Vote111111111111111111111111111111111111111,reward_earned,0.22446937,0.02301905,0.20145032,2025-04-04,2025-04-06,2025-04-07,settled,epoch_765706,16237109,protocol_oracle,2025-04-16 21:46:48
STAKE002342,CUST016,ASSET_SOL,GE6atKoWiQ2pt3zL7N13pjNHjdLVys8LinG8qeJLcAiC,reward_earned,0.65660619,0.06402172,0.59258447,2025-05-27,2025-05-29,2025-06-01,settled,epoch_208389,16290347,protocol_oracle,2025-05-06 04:58:34
STAKE000407,CUST003,ASSET_ETH,0xae7ab96520de3a18e5e111b5eaab095312d7fe84,reward_earned,0.04476598,0.00452316,0.04024282,2025-05-24,2025-05-24,2025-05-25,settled,epoch_714663,17603745,protocol_oracle,2025-05-11 03:58:23
STAKE001436,CUST011,ASSET_AVAX,NodeID-7Xhw2mDxuDS44j42TCB6U5579esbSt3Lg,reward_earned,67.50017521,6.43498784,61.06518737,2025-04-11,2025-04-13,2025-04-16,settled,epoch_689952,16449201,protocol_oracle,2025-04-11 08:49:48
STAKE001424,CUST011,ASSET_AVAX,NodeID-MFrZFVCXPv5iCn6M9K6XduxGTYp891xXZ,reward_earned,58.21084321,5.32875656,52.88208665,2024-12-23,2024-12-23,2024-12-24,settled,epoch_627841,15553299,protocol_oracle,2024-12-08 00:00:19
STAKE000584,CUST004,ASSET_DOT,12xtAYsRUrmbniiWQqJtECiBQrMn8AypQcXhnQAc6RB6XkLW,reward_earned,9.84557945,1.1763835,8.66919595,2025-04-27,2025-05-25,2025-05-27,settled,epoch_489843,18371874,protocol_oracle,2025-04-02 04:09:38
STAKE002431,CUST017,ASSET_AVAX,NodeID-7Xhw2mDxuDS44j42TCB6U5579esbSt3Lg,reward_earned,3.51638693,0.32949999,3.18688694,2024-07-19,2024-07-20,2024-07-22,settled,epoch_821765,18244065,protocol_oracle,2024-07-05 18:45:40
STAKE001981,CUST015,ASSET_ATOM,cosmosvaloper1clpqr4nrk4khgkxj78fcwwh6dl3uw4epsluffn,reward_earned,0.14484919,0.01600307,0.12884612,2025-01-26,2025-02-16,2025-02-17,settled,epoch_387277,16143990,protocol_oracle,2025-01-18 16:29:13
STAKE002080,CUST015,ASSET_MATIC,0x3f5ce5fbfe3e9af3971dd833d26ba9b5c936f0be,reward_earned,23.04285588,2.54930954,20.49354634,2025-03-27,2025-03-30,2025-04-01,settled,epoch_789168,19132473,protocol_oracle,2025-03-04 10:55:26
STAKE002559,CUST018,ASSET_MATIC,0x3f5ce5fbfe3e9af3971dd833d26ba9b5c936f0be,reward_earned,86.15761736,7.05941839,79.09819897,2024-11-04,2024-11-07,2024-11-10,settled,epoch_476764,15258717,protocol_oracle,2024-11-12 05:05:04
STAKE001069,CUST008,ASSET_SOL,GE6atKoWiQ2pt3zL7N13pjNHjdLVys8LinG8qeJLcAiC,reward_earned,1.88748224,0.22291142,1.66457082,2024-07-27,2024-07-29,2024-07-31,settled,epoch_558788,15625227,protocol_oracle,2024-07-11 00:57:44
STAKE002625,CUST018,ASSET_ATOM,cosmosvaloper1clpqr4nrk4khgkxj78fcwwh6dl3uw4epsluffn,reward_earned,3.68292773,0.39510804,3.28781969,2025-02-22,2025-03-15,2025-03-17,settled,epoch_264580,19101128,protocol_oracle,2025-02-15 00:07:07
STAKE002580,CUST018,ASSET_MATIC,0x3f5ce5fbfe3e9af3971dd833d26ba9b5c936f0be,reward_earned,27.25867925,3.16956702,24.08911223,2025-04-16,2025-04-19,2025-04-20,settled,epoch_813989,18905536,protocol_oracle,2025-04-27 15:37:48
STAKE000691,CUST005,ASSET_ADA,pool1pu5jlj4q9w9jlxeu0z42304fyjrjw36jqsjttxzmlkelh2vqe,reward_earned,86.69099323,8.95888934,77.73210389,2024-11-06,2024-11-06,2024-11-08,settled,epoch_339843,18730132,protocol_oracle,2024-11-26 22:58:07
STAKE000347,CUST003,ASSET_MATIC,0x3f5ce5fbfe3e9af3971dd833d26ba9b5c936f0be,reward_earned,89.84183034,8.53395187,81.30787847,2025-01-11,2025-01-14,2025-01-17,settled,epoch_752126,15261367,protocol_oracle,2025-01-06 11:02:18
STAKE001253,CUST009,ASSET_MATIC,0x3f5ce5fbfe3e9af3971dd833d26ba9b5c936f0be,reward_earned,54.04276081,6.46661396,47.57614685,2024-11-18,2024-11-21,2024-11-24,settled,epoch_108845,15872257,protocol_oracle,2024-11-25 18:07:33
STAKE000911,CUST006,ASSET_ETH,0x00000000219ab540356cbb839cbe05303d7705fa,reward_earned,0.01886445,0.00198392,0.01688053,2024-11-05,2024-11-05,2024-11-06,settled,epoch_806617,16335610,protocol_oracle,2024-11-03 12:43:55
STAKE000913,CUST006,ASSET_ETH,0x00000000219ab540356cbb839cbe05303d7705fa,reward_earned,0.00820257,0.00084343,0.00735914,2024-11-03,2024-11-05,2024-11-06,settled,epoch_695451,18338082,protocol_oracle,2024-11-15 19:02:35
STAKE000751,CUST005,ASSET_ETH,0xae7ab96520de3a18e5e111b5eaab095312d7fe84,reward_earned,0.04250986,0.00396398,0.03854588,2025-04-12,2025-04-13,2025-04-16,settled,epoch_354273,16362691,protocol_oracle,2025-04-20 15:59:42
STAKE001497,CUST011,ASSET_ATOM,cosmosvaloper1clpqr4nrk4khgkxj78fcwwh6dl3uw4epsluffn,reward_earned,8.2060156,0.94533284,7.26068276,2024-09-06,2024-09-27,2024-09-27,settled,epoch_596376,17749733,protocol_oracle,2024-09-28 10:06:32
STAKE001894,CUST014,ASSET_AVAX,NodeID-7Xhw2mDxuDS44j42TCB6U5579esbSt3Lg,reward_earned,6.06252575,0.53279264,5.52973311,2024-11-06,2024-11-08,2024-11-08,settled,epoch_894986,16645434,protocol_oracle,2024-11-19 01:44:29
STAKE000451,CUST003,ASSET_AVAX,NodeID-7Xhw2mDxuDS44j42TCB6U5579esbSt3Lg,reward_earned,46.73280763,5.12672201,41.60608562,2025-05-12,2025-05-13,2025-05-14,settled,epoch_658094,16426175,protocol_oracle,2025-05-22 12:16:25
STAKE001552,CUST012,ASSET_ADA,pool1pu5jlj4q9w9jlxeu0z42304fyjrjw36jqsjttxzmlkelh2vqe,reward_earned,32.81831925,3.80841281,29.00990644,2024-11-26,2024-11-28,2024-12-01,settled,epoch_238826,15278267,protocol_oracle,2024-11-19 19:34:27
STAKE001141,CUST008,ASSET_DOT,12xtAYsRUrmbniiWQqJtECiBQrMn8AypQcXhnQAc6RB6XkLW,reward_earned,2.05071037,0.22001513,1.83069524,2025-03-09,2025-04-06,2025-04-09,settled,epoch_461165,19990137,protocol_oracle,2025-03-08 14:29:29
STAKE001739,CUST013,ASSET_AVAX,NodeID-7Xhw2mDxuDS44j42TCB6U5579esbSt3Lg,reward_earned,87.74093096,9.1328543,78.60807666,2025-03-02,2025-03-04,2025-03-04,settled,epoch_406161,16211142,protocol_oracle,2025-03-04 06:16:32
STAKE002834,CUST020,ASSET_MATIC,0x3f5ce5fbfe3e9af3971dd833d26ba9b5c936f0be,reward_earned,72.30897468,5.88007381,66.42890087,2025-01-08,2025-01-11,2025-01-14,settled,epoch_967422,17564116,protocol_oracle,2025-01-20 06:49:15
STAKE001881,CUST014,ASSET_AVAX,NodeID-MFrZFVCXPv5iCn6M9K6XduxGTYp891xXZ,reward_earned,34.64964481,2.79025656,31.85938825,2024-07-04,2024-07-06,2024-07-07,settled,epoch_976203,15303071,protocol_oracle,2024-07-16 08:10:36
STAKE000992,CUST007,ASSET_DOT,16SpacegeUTft9v3ts27CEC3tJaxgvE4uZeCctThFH3Vb35T,reward_earned,4.31307909,0.39863224,3.91444685,2024-10-13,2024-11-10,2024-11-13,settled,epoch_757286,19943525,protocol_oracle,2024-10-01 02:50:07
STAKE001598,CUST012,ASSET_SOL,Vote111111111111111111111111111111111111111,reward_earned,0.62210558,0.06388197,0.55822361,2024-11-08,2024-11-10,2024-11-12,settled,epoch_844127,18148883,protocol_oracle,2024-11-09 23:47:23
STAKE002353,CUST016,ASSET_MATIC,0x3f5ce5fbfe3e9af3971dd833d26ba9b5c936f0be,reward_earned,58.22115185,5.53782005,52.6833318,2024-09-24,2024-09-27,2024-09-28,settled,epoch_217938,15020505,protocol_oracle,2024-09-28 10:14:01
STAKE001927,CUST014,ASSET_ETH,0xae7ab96520de3a18e5e111b5eaab095312d7fe84,reward_earned,0.05420963,0.0058042,0.04840543,2024-10-14,2024-10-14,2024-10-15,settled,epoch_780014,19017171,protocol_oracle,2024-10-08 23:24:38
STAKE000918,CUST006,ASSET_ETH,0xae7ab96520de3a18e5e111b5eaab095312d7fe84,reward_earned,0.0282151,0.0031378,0.0250773,2025-01-01,2025-01-03,2025-01-06,settled,epoch_854354,18870553,protocol_oracle,2025-01-16 19:34:31
STAKE001221,CUST008,ASSET_ETH,0x00000000219ab540356cbb839cbe05303d7705fa,reward_earned,0.04437726,0.00405794,0.04031932,2025-01-21,2025-01-21,2025-01-24,settled,epoch_376295,16579773,protocol_oracle,2025-01-02 09:13:53
STAKE000204,CUST002,ASSET_DOT,12xtAYsRUrmbniiWQqJtECiBQrMn8AypQcXhnQAc6RB6XkLW,reward_earned,7.536216,0.754615,6.781601,2025-06-20,,,pending,epoch_515645,18553588,protocol_oracle,2025-06-22 14:35:45
STAKE002896,CUST020,ASSET_ADA,pool1pu5jlj4q9w9jlxeu0z42304fyjrjw36jqsjttxzmlkelh2vqe,reward_earned,79.52976084,9.28544372,70.24431712,2025-06-05,2025-06-05,2025-06-07,settled,epoch_902614,17717512,protocol_oracle,2025-06-02 21:44:16
STAKE000248,CUST002,ASSET_ADA,pool1pu5jlj4q9w9jlxeu0z42304fyjrjw36jqsjttxzmlkelh2vqe,reward_earned,48.90718828,5.11374538,43.7934429,2024-07-04,2024-07-05,2024-07-07,settled,epoch_266082,19376744,protocol_oracle,2024-07-24 08:59:07
STAKE001414,CUST011,ASSET_AVAX,NodeID-MFrZFVCXPv5iCn6M9K6XduxGTYp891xXZ,reward_earned,56.25305917,6.02131781,50.23174136,2024-09-01,2024-09-02,2024-09-03,settled,epoch_647971,15029050,protocol_oracle,2024-09-16 04:49:29
STAKE002425,CUST017,ASSET_DOT,12xtAYsRUrmbniiWQqJtECiBQrMn8AypQcXhnQAc6RB6XkLW,reward_earned,5.59606982,0.51999374,5.07607608,2025-06-21,,,pending,epoch_189279,16080230,protocol_oracle,2025-06-23 01:14:55
STAKE002275,CUST016,ASSET_ATOM,cosmosvaloper1clpqr4nrk4khgkxj78fcwwh6dl3uw4epsluffn,reward_earned,8.30185277,0.71579925,7.58605352,2024-11-21,2024-12-12,2024-12-13,settled,epoch_374515,15976169,protocol_oracle,2024-11-23 20:27:38
STAKE001305,CUST009,ASSET_AVAX,NodeID-7Xhw2mDxuDS44j42TCB6U5579esbSt3Lg,reward_earned,13.35636474,1.18485553,12.17150921,2025-02-01,2025-02-01,2025-02-02,settled,epoch_925769,15575858,protocol_oracle,2025-02-23 06:15:52
STAKE000446,CUST003,ASSET_AVAX,NodeID-7Xhw2mDxuDS44j42TCB6U5579esbSt3Lg,reward_earned,61.94256569,6.29127753,55.65128816,2025-04-19,2025-04-20,2025-04-22,settled,epoch_827981,15409625,protocol_oracle,2025-04-12 18:30:13
STAKE002082,CUST015,ASSET_MATIC,0x3f5ce5fbfe3e9af3971dd833d26ba9b5c936f0be,reward_earned,21.84039665,2.26593448,19.57446217,2025-04-04,2025-04-07,2025-04-09,settled,epoch_231060,15427426,protocol_oracle,2025-04-22 01:07:07
STAKE001721,CUST013,ASSET_AVAX,NodeID-MFrZFVCXPv5iCn6M9K6XduxGTYp891xXZ,reward_earned,13.60089949,1.43287672,12.16802277,2024-10-11,2024-10-11,2024-10-14,settled,epoch_884269,17095823,protocol_oracle,2024-10-05 09:12:56
STAKE000337,CUST003,ASSET_MATIC,0x3f5ce5fbfe3e9af3971dd833d26ba9b5c936f0be,reward_earned,80.93227289,8.265756,72.66651689,2024-10-24,2024-10-27,2024-10-27,settled,epoch_660737,18888141,protocol_oracle,2024-10-14 18:46:36
STAKE000211,CUST002,ASSET_AVAX,NodeID-7Xhw2mDxuDS44j42TCB6U5579esbSt3Lg,reward_earned,97.41122355,10.53076427,86.88045928,2024-08-11,2024-08-12,2024-08-14,settled,epoch_447412,18416567,protocol_oracle,2024-08-24 16:06:32
STAKE001116,CUST008,ASSET_DOT,12xtAYsRUrmbniiWQqJtECiBQrMn8AypQcXhnQAc6RB6XkLW,reward_earned,5.75481031,0.67743431,5.077376,2024-08-01,2024-08-29,2024-09-01,settled,epoch_177267,19586348,protocol_oracle,2024-08-13 22:28:30
STAKE001761,CUST013,ASSET_SOL,Vote111111111111111111111111111111111111111,reward_earned,0.91021854,0.10203673,0.80818181,2024-10-25,2024-10-27,2024-10-29,settled,epoch_491145,15853791,protocol_oracle,2024-10-23 03:59:15
STAKE002363,CUST016,ASSET_MATIC,0x3f5ce5fbfe3e9af3971dd833d26ba9b5c936f0be,reward_earned,51.75230245,6.18730631,45.56499614,2024-11-02,2024-11-05,2024-11-06,settled,epoch_820389,15597275,protocol_oracle,2024-11-23 20:48:24
STAKE001557,CUST012,ASSET_ADA,pool1pu5jlj4q9w9jlxeu0z42304fyjrjw36jqsjttxzmlkelh2vqe,reward_earned,97.83890412,8.42563282,89.4132713,2025-01-17,2025-01-18,2025-01-20,settled,epoch_990843,15056434,protocol_oracle,2025-01-10 07:50:19
STAKE002770,CUST019,ASSET_DOT,12xtAYsRUrmbniiWQqJtECiBQrMn8AypQcXhnQAc6RB6XkLW,reward_earned,0.98260992,0.10677588,0.87583404,2025-06-04,,,pending,epoch_996628,16582529,protocol_oracle,2025-06-10 14:23:25
STAKE002869,CUST020,ASSET_ADA,pool1pu5jlj4q9w9jlxeu0z42304fyjrjw36jqsjttxzmlkelh2vqe,reward_earned,56.80296002,5.44658339,51.35637663,2024-11-15,2024-11-15,2024-11-18,settled,epoch_478083,15873697,protocol_oracle,2024-11-23 15:18:12
STAKE001996,CUST015,ASSET_ATOM,cosmosvaloper1clpqr4nrk4khgkxj78fcwwh6dl3uw4epsluffn,reward_earned,3.93418343,0.38003486,3.55414857,2025-05-02,2025-05-23,2025-05-24,settled,epoch_303741,18543868,protocol_oracle,2025-05-07 08:19:43
STAKE001722,CUST013,ASSET_AVAX,NodeID-7Xhw2mDxuDS44j42TCB6U5579esbSt3Lg,reward_earned,92.45411586,7.95377044,84.50034542,2024-10-23,2024-10-24,2024-10-27,settled,epoch_455210,18983087,protocol_oracle,2024-10-03 05:41:29
STAKE002793,CUST020,ASSET_DOT,12xtAYsRUrmbniiWQqJtECiBQrMn8AypQcXhnQAc6RB6XkLW,reward_earned,4.79346022,0.38915953,4.40430069,2025-02-02,2025-03-02,2025-03-05,settled,epoch_749151,16660130,protocol_oracle,2025-02-21 20:59:42
STAKE000820,CUST005,ASSET_ATOM,cosmosvaloper1clpqr4nrk4khgkxj78fcwwh6dl3uw4epsluffn,reward_earned,2.63891974,0.30803619,2.33088355,2024-12-04,2024-12-25,2024-12-25,settled,epoch_226120,17352257,protocol_oracle,2024-12-21 18:56:28
STAKE002682,CUST018,ASSET_DOT,12xtAYsRUrmbniiWQqJtECiBQrMn8AypQcXhnQAc6RB6XkLW,reward_earned,3.08114582,0.3428993,2.73824652,2025-06-13,,,pending,epoch_614661,16237531,protocol_oracle,2025-06-22 15:25:23
STAKE002871,CUST020,ASSET_ADA,pool1pu5jlj4q9w9jlxeu0z42304fyjrjw36jqsjttxzmlkelh2vqe,reward_earned,67.72466933,7.03655708,60.68811225,2024-11-19,2024-11-20,2024-11-21,settled,epoch_380428,16296499,protocol_oracle,2024-11-15 17:36:22
STAKE002798,CUST020,ASSET_DOT,12xtAYsRUrmbniiWQqJtECiBQrMn8AypQcXhnQAc6RB6XkLW,reward_earned,8.8650911,0.86412228,8.00096882,2025-03-12,2025-04-09,2025-04-11,settled,epoch_722359,16492180,protocol_oracle,2025-03-16 13:48:46
STAKE001144,CUST008,ASSET_DOT,16SpacegeUTft9v3ts27CEC3tJaxgvE4uZeCctThFH3Vb35T,reward_earned,1.28138319,0.1427542,1.13862899,2025-03-06,2025-04-03,2025-04-04,settled,epoch_359985,19540017,protocol_oracle,2025-03-27 08:04:39
STAKE000844,CUST005,ASSET_ATOM,cosmosvaloper1clpqr4nrk4khgkxj78fcwwh6dl3uw4epsluffn,reward_earned,2.76715188,0.24659139,2.52056049,2025-06-26,,,pending,epoch_487518,15411024,protocol_oracle,2025-06-12 09:52:10
STAKE002891,CUST020,ASSET_ADA,pool1pu5jlj4q9w9jlxeu0z42304fyjrjw36jqsjttxzmlkelh2vqe,reward_earned,2.36229966,0.27742343,2.08487623,2025-05-07,2025-05-07,2025-05-08,settled,epoch_932952,18640226,protocol_oracle,2025-05-28 00:56:38
STAKE001249,CUST009,ASSET_MATIC,0x3f5ce5fbfe3e9af3971dd833d26ba9b5c936f0be,reward_earned,5.23179457,0.49743551,4.73435906,2024-10-22,2024-10-25,2024-10-26,settled,epoch_795463,17174402,protocol_oracle,2024-10-20 16:01:41
STAKE000378,CUST003,ASSET_ETH,0xae7ab96520de3a18e5e111b5eaab095312d7fe84,reward_earned,0.03154255,0.00304046,0.02850209,2024-09-08,2024-09-09,2024-09-09,settled,epoch_662050,16729737,protocol_oracle,2024-09-25 20:07:39
STAKE002002,CUST015,ASSET_ADA,pool1pu5jlj4q9w9jlxeu0z42304fyjrjw36jqsjttxzmlkelh2vqe,reward_earned,14.69539527,1.38380165,13.31159362,2024-07-10,2024-07-12,2024-07-14,settled,epoch_567796,18856207,protocol_oracle,2024-07-26 08:56:52
STAKE001324,CUST010,ASSET_AVAX,NodeID-7Xhw2mDxuDS44j42TCB6U5579esbSt3Lg,reward_earned,2.03308806,0.24059775,1.79249031,2024-08-19,2024-08-19,2024-08-19,settled,epoch_994258,19810910,protocol_oracle,2024-08-16 09:08:41
STAKE000372,CUST003,ASSET_ETH,0x00000000219ab540356cbb839cbe05303d7705fa,reward_earned,0.07128906,0.0058138,0.06547526,2024-07-18,2024-07-20,2024-07-21,settled,epoch_743173,18190105,protocol_oracle,2024-07-21 18:15:40
STAKE001901,CUST014,ASSET_AVAX,NodeID-MFrZFVCXPv5iCn6M9K6XduxGTYp891xXZ,reward_earned,11.98994036,0.98370869,11.00623167,2025-01-06,2025-01-08,2025-01-10,settled,epoch_619999,16874387,protocol_oracle,2025-01-17 06:35:45
STAKE000565,CUST004,ASSET_DOT,12xtAYsRUrmbniiWQqJtECiBQrMn8AypQcXhnQAc6RB6XkLW,reward_earned,2.56311537,0.2667204,2.29639497,2024-12-24,2025-01-21,2025-01-22,settled,epoch_976336,16520335,protocol_oracle,2024-12-01 20:59:31
STAKE001019,CUST007,ASSET_MATIC,0x3f5ce5fbfe3e9af3971dd833d26ba9b5c936f0be,reward_earned,48.03592833,4.62611449,43.40981384,2024-07-08,2024-07-11,2024-07-12,settled,epoch_458328,16565149,protocol_oracle,2024-07-08 01:58:16
STAKE002548,CUST018,ASSET_MATIC,0x3f5ce5fbfe3e9af3971dd833d26ba9b5c936f0be,reward_earned,8.60348838,0.69095882,7.91252956,2024-09-26,2024-09-29,2024-10-02,settled,epoch_773196,17610441,protocol_oracle,2024-09-20 04:38:54
STAKE001052,CUST007,ASSET_MATIC,0x3f5ce5fbfe3e9af3971dd833d26ba9b5c936f0be,reward_earned,4.28681388,0.44735145,3.83946243,2025-03-23,2025-03-26,2025-03-27,settled,epoch_440786,19574464,protocol_oracle,2025-03-17 04:17:39
STAKE001344,CUST010,ASSET_AVAX,NodeID-7Xhw2mDxuDS44j42TCB6U5579esbSt3Lg,reward_earned,40.19390204,3.77610587,36.41779617,2025-03-01,2025-03-01,2025-03-02,settled,epoch_141438,17197530,protocol_oracle,2025-03-03 20:54:10
STAKE001460,CUST011,ASSET_ETH,0xae7ab96520de3a18e5e111b5eaab095312d7fe84,reward_earned,0.05693943,0.0064738,0.05046563,2024-11-18,2024-11-18,2024-11-18,settled,epoch_723925,15389713,protocol_oracle,2024-11-06 05:49:04
STAKE001442,CUST011,ASSET_AVAX,NodeID-7Xhw2mDxuDS44j42TCB6U5579esbSt3Lg,reward_earned,47.95227146,4.94428296,43.0079885,2025-06-22,2025-06-24,2025-06-25,settled,epoch_443274,18769605,protocol_oracle,2025-06-14 08:49:00
STAKE000730,CUST005,ASSET_ETH,0xae7ab96520de3a18e5e111b5eaab095312d7fe84,reward_earned,0.02531901,0.00203438,0.02328463,2024-10-05,2024-10-07,2024-10-08,settled,epoch_903575,17284532,protocol_oracle,2024-10-17 00:32:32
STAKE002537,CUST018,ASSET_ADA,pool1pu5jlj4q9w9jlxeu0z42304fyjrjw36jqsjttxzmlkelh2vqe,reward_earned,99.6778478,8.71848121,90.95936659,2025-06-20,2025-06-21,2025-06-22,settled,epoch_819353,17983570,protocol_oracle,2025-06-13 01:52:15
STAKE000360,CUST003,ASSET_MATIC,0x3f5ce5fbfe3e9af3971dd833d26ba9b5c936f0be,reward_earned,59.76177539,5.66511489,54.0966605,2025-04-05,2025-04-08,2025-04-08,settled,epoch_497803,17688019,protocol_oracle,2025-04-15 05:32:46
STAKE000309,CUST002,ASSET_SOL,GE6atKoWiQ2pt3zL7N13pjNHjdLVys8LinG8qeJLcAiC,reward_earned,1.83315845,0.19395799,1.63920046,2025-01-13,2025-01-15,2025-01-15,settled,epoch_594668,16513091,protocol_oracle,2025-01-19 22:59:32
STAKE000023,CUST001,ASSET_ADA,pool1pu5jlj4q9w9jlxeu0z42304fyjrjw36jqsjttxzmlkelh2vqe,reward_earned,30.84563633,3.24025416,27.60538217,2025-01-26,2025-01-27,2025-01-27,settled,epoch_206773,15468000,protocol_oracle,2025-01-18 01:18:54
STAKE000885,CUST006,ASSET_SOL,Vote111111111111111111111111111111111111111,reward_earned,1.79805858,0.1812593,1.61679928,2025-05-12,2025-05-14,2025-05-15,settled,epoch_976579,17388248,protocol_oracle,2025-05-27 00:57:22
STAKE000948,CUST006,ASSET_AVAX,NodeID-MFrZFVCXPv5iCn6M9K6XduxGTYp891xXZ,reward_earned,48.5278784,4.50503485,44.02284355,2024-09-06,2024-09-06,2024-09-08,settled,epoch_689343,17228268,protocol_oracle,2024-09-16 04:24:09
STAKE002643,CUST018,ASSET_DOT,12xtAYsRUrmbniiWQqJtECiBQrMn8AypQcXhnQAc6RB6XkLW,reward_earned,8.19980144,0.67888314,7.5209183,2024-07-02,2024-07-30,2024-08-01,settled,epoch_122175,16501890,protocol_oracle,2024-07-21 15:27:02
STAKE002594,CUST018,ASSET_ATOM,cosmosvaloper1clpqr4nrk4khgkxj78fcwwh6dl3uw4epsluffn,reward_earned,3.18769618,0.37379862,2.81389756,2024-08-12,2024-09-02,2024-09-05,settled,epoch_172485,19992557,protocol_oracle,2024-08-26 19:54:30
STAKE001909,CUST014,ASSET_AVAX,NodeID-7Xhw2mDxuDS44j42TCB6U5579esbSt3Lg,reward_earned,44.63060741,4.77850768,39.85209973,2025-04-05,2025-04-07,2025-04-10,settled,epoch_281658,16806176,protocol_oracle,2025-04-09 07:52:49
STAKE000674,CUST004,ASSET_ETH,0x00000000219ab540356cbb839cbe05303d7705fa,reward_earned,0.03275041,0.00345754,0.02929287,2025-05-24,2025-05-26,2025-05-27,settled,epoch_282413,19867169,protocol_oracle,2025-05-13 11:29:22
STAKE002043,CUST015,ASSET_ADA,pool1pu5jlj4q9w9jlxeu0z42304fyjrjw36jqsjttxzmlkelh2vqe,reward_earned,95.50731531,9.16541448,86.34190083,2025-05-16,2025-05-17,2025-05-20,settled,epoch_143681,19861800,protocol_oracle,2025-05-01 08:55:05
STAKE002929,CUST020,ASSET_SOL,Vote111111111111111111111111111111111111111,reward_earned,1.57239294,0.14312734,1.4292656,2025-02-17,2025-02-19,2025-02-22,settled,epoch_498357,19017746,protocol_oracle,2025-02-05 09:26:55
STAKE000383,CUST003,ASSET_ETH,0x00000000219ab540356cbb839cbe05303d7705fa,reward_earned,0.07524162,0.00846617,0.06677545,2024-10-08,2024-10-08,2024-10-10,settled,epoch_787106,18361742,protocol_oracle,2024-10-05 23:56:17
STAKE002905,CUST020,ASSET_SOL,GE6atKoWiQ2pt3zL7N13pjNHjdLVys8LinG8qeJLcAiC,reward_earned,0.94454968,0.08343558,0.8611141,2024-09-22,2024-09-24,2024-09-25,settled,epoch_914024,19163403,protocol_oracle,2024-09-04 04:23:24
STAKE002217,CUST016,ASSET_DOT,16SpacegeUTft9v3ts27CEC3tJaxgvE4uZeCctThFH3Vb35T,reward_earned,1.16653877,0.10653631,1.06000246,2024-08-27,2024-09-24,2024-09-27,settled,epoch_806003,16289320,protocol_oracle,2024-08-01 03:09:16
STAKE001145,CUST008,ASSET_DOT,12xtAYsRUrmbniiWQqJtECiBQrMn8AypQcXhnQAc6RB6XkLW,reward_earned,1.70580336,0.17518526,1.5306181,2025-03-13,2025-04-10,2025-04-13,settled,epoch_224272,18521533,protocol_oracle,2025-03-16 00:32:03
STAKE000151,CUST001,ASSET_SOL,GE6atKoWiQ2pt3zL7N13pjNHjdLVys8LinG8qeJLcAiC,reward_earned,0.58722883,0.0583265,0.52890233,2025-01-28,2025-01-30,2025-01-30,settled,epoch_323415,15018742,protocol_oracle,2025-01-24 20:36:25
STAKE000899,CUST006,ASSET_ETH,0xae7ab96520de3a18e5e111b5eaab095312d7fe84,reward_earned,0.00764865,0.00067163,0.00697702,2024-08-22,2024-08-24,2024-08-26,settled,epoch_575913,16947105,protocol_oracle,2024-08-03 04:59:20
STAKE000719,CUST005,ASSET_ETH,0x00000000219ab540356cbb839cbe05303d7705fa,reward_earned,0.04481023,0.0049097,0.03990053,2024-08-14,2024-08-16,2024-08-19,settled,epoch_991904,18189035,protocol_oracle,2024-08-01 17:48:17
STAKE000484,CUST004,ASSET_ADA,pool1pu5jlj4q9w9jlxeu0z42304fyjrjw36jqsjttxzmlkelh2vqe,reward_earned,67.62464287,5.66577645,61.95886642,2025-02-06,2025-02-06,2025-02-09,settled,epoch_459065,19518021,protocol_oracle,2025-02-27 05:12:49
STAKE002564,CUST018,ASSET_MATIC,0x3f5ce5fbfe3e9af3971dd833d26ba9b5c936f0be,reward_earned,26.96529561,2.58691538,24.37838023,2024-12-23,2024-12-26,2024-12-29,settled,epoch_817495,19583384,protocol_oracle,2024-12-27 11:36:41
STAKE002702,CUST019,ASSET_ETH,0xae7ab96520de3a18e5e111b5eaab095312d7fe84,reward_earned,0.02736268,0.00280214,0.02456054,2024-11-25,2024-11-27,2024-11-28,settled,epoch_294761,15440003,protocol_oracle,2024-11-08 14:13:14
STAKE001132,CUST008,ASSET_DOT,16SpacegeUTft9v3ts27CEC3tJaxgvE4uZeCctThFH3Vb35T,reward_earned,1.758046,0.18921722,1.56882878,2024-12-23,2025-01-20,2025-01-23,settled,epoch_683021,19334930,protocol_oracle,2024-12-02 22:03:48
STAKE001878,CUST014,ASSET_ADA,pool1pu5jlj4q9w9jlxeu0z42304fyjrjw36jqsjttxzmlkelh2vqe,reward_earned,8.94760157,0.75666314,8.19093843,2025-06-03,2025-06-05,2025-06-08,settled,epoch_651112,18594774,protocol_oracle,2025-06-02 01:55:41
STAKE001538,CUST012,ASSET_ADA,pool1pu5jlj4q9w9jlxeu0z42304fyjrjw36jqsjttxzmlkelh2vqe,reward_earned,37.05895453,2.97799079,34.08096374,2024-08-05,2024-08-05,2024-08-08,settled,epoch_697558,18786191,protocol_oracle,2024-08-13 22:03:15
STAKE002195,CUST016,ASSET_ETH,0x00000000219ab540356cbb839cbe05303d7705fa,reward_earned,0.08964074,0.01010366,0.07953708,2025-01-09,2025-01-09,2025-01-10,settled,epoch_457447,18298990,protocol_oracle,2025-01-10 02:05:37
STAKE001053,CUST007,ASSET_MATIC,0x3f5ce5fbfe3e9af3971dd833d26ba9b5c936f0be,reward_earned,84.9292757,9.78757781,75.14169789,2025-03-08,2025-03-11,2025-03-13,settled,epoch_137501,15871047,protocol_oracle,2025-03-17 02:45:55
STAKE001624,CUST012,ASSET_SOL,GE6atKoWiQ2pt3zL7N13pjNHjdLVys8LinG8qeJLcAiC,reward_earned,1.40260846,0.12244505,1.28016341,2025-06-01,2025-06-03,2025-06-03,settled,epoch_558162,16370271,protocol_oracle,2025-06-05 06:52:37
STAKE001521,CUST011,ASSET_ATOM,cosmosvaloper1clpqr4nrk4khgkxj78fcwwh6dl3uw4epsluffn,reward_earned,7.74888864,0.69224865,7.05663999,2025-04-25,2025-05-16,2025-05-17,settled,epoch_579766,15050967,protocol_oracle,2025-04-18 13:52:53
STAKE001278,CUST009,ASSET_MATIC,0x3f5ce5fbfe3e9af3971dd833d26ba9b5c936f0be,reward_earned,42.88208481,5.12606054,37.75602427,2025-06-20,2025-06-23,2025-06-26,settled,epoch_165985,18673142,protocol_oracle,2025-06-19 19:25:31
STAKE001601,CUST012,ASSET_SOL,Vote111111111111111111111111111111111111111,reward_earned,0.66689447,0.07696428,0.58993019,2024-12-07,2024-12-09,2024-12-12,settled,epoch_304271,17703389,protocol_oracle,2024-12-23 19:31:16
STAKE001085,CUST008,ASSET_SOL,GE6atKoWiQ2pt3zL7N13pjNHjdLVys8LinG8qeJLcAiC,reward_earned,1.26791535,0.11256843,1.15534692,2024-12-02,2024-12-04,2024-12-04,settled,epoch_529925,17307781,protocol_oracle,2024-12-02 14:10:13
STAKE000858,CUST006,ASSET_SOL,Vote111111111111111111111111111111111111111,reward_earned,0.7954928,0.07069954,0.72479326,2024-09-11,2024-09-13,2024-09-13,settled,epoch_945097,15857111,protocol_oracle,2024-09-03 03:45:38
STAKE002663,CUST018,ASSET_DOT,16SpacegeUTft9v3ts27CEC3tJaxgvE4uZeCctThFH3Vb35T,reward_earned,1.54509799,0.18384712,1.36125087,2025-01-01,2025-01-29,2025-01-29,settled,epoch_325445,15783646,protocol_oracle,2025-01-18 10:00:01
STAKE001887,CUST014,ASSET_AVAX,NodeID-MFrZFVCXPv5iCn6M9K6XduxGTYp891xXZ,reward_earned,64.9481825,5.85352516,59.09465734,2024-09-16,2024-09-16,2024-09-18,settled,epoch_329501,17133943,protocol_oracle,2024-09-11 23:04:17
STAKE001989,CUST015,ASSET_ATOM,cosmosvaloper1clpqr4nrk4khgkxj78fcwwh6dl3uw4epsluffn,reward_earned,3.49724128,0.28615283,3.21108845,2025-03-08,2025-03-29,2025-04-01,settled,epoch_286591,19705925,protocol_oracle,2025-03-14 02:30:53
STAKE000981,CUST007,ASSET_DOT,16SpacegeUTft9v3ts27CEC3tJaxgvE4uZeCctThFH3Vb35T,reward_earned,3.77179125,0.39077612,3.38101513,2024-07-10,2024-08-07,2024-08-07,settled,epoch_490038,17391119,protocol_oracle,2024-07-14 05:15:16
STAKE001928,CUST014,ASSET_ETH,0xae7ab96520de3a18e5e111b5eaab095312d7fe84,reward_earned,0.06515359,0.00632879,0.0588248,2024-10-01,2024-10-02,2024-10-04,settled,epoch_148415,15358543,protocol_oracle,2024-10-01 11:08:05
STAKE000690,CUST005,ASSET_ADA,pool1pu5jlj4q9w9jlxeu0z42304fyjrjw36jqsjttxzmlkelh2vqe,reward_earned,48.73247303,4.38405643,44.3484166,2024-11-27,2024-11-27,2024-11-28,settled,epoch_913422,16481693,protocol_oracle,2024-11-25 12:02:19
STAKE000132,CUST001,ASSET_SOL,GE6atKoWiQ2pt3zL7N13pjNHjdLVys8LinG8qeJLcAiC,reward_earned,0.73348368,0.07465183,0.65883185,2024-07-17,2024-07-19,2024-07-21,settled,epoch_790130,15000717,protocol_oracle,2024-07-08 09:02:33
STAKE001428,CUST011,ASSET_AVAX,NodeID-MFrZFVCXPv5iCn6M9K6XduxGTYp891xXZ,reward_earned,26.69809098,3.19696301,23.50112797,2025-02-09,2025-02-10,2025-02-13,settled,epoch_630122,19909078,protocol_oracle,2025-02-26 13:54:07
STAKE000286,CUST002,ASSET_SOL,GE6atKoWiQ2pt3zL7N13pjNHjdLVys8LinG8qeJLcAiC,reward_earned,1.67000142,0.14181393,1.52818749,2024-07-19,2024-07-21,2024-07-23,settled,epoch_694188,17910828,protocol_oracle,2024-07-10 03:00:31
STAKE000967,CUST006,ASSET_AVAX,NodeID-7Xhw2mDxuDS44j42TCB6U5579esbSt3Lg,reward_earned,41.60103976,4.58054048,37.02049928,2025-03-04,2025-03-06,2025-03-09,settled,epoch_156102,15966081,protocol_oracle,2025-03-20 23:43:05
STAKE001496,CUST011,ASSET_ATOM,cosmosvaloper1clpqr4nrk4khgkxj78fcwwh6dl3uw4epsluffn,reward_earned,4.81842702,0.46646677,4.35196025,2024-09-17,2024-10-08,2024-10-10,settled,epoch_542488,16748422,protocol_oracle,2024-09-26 08:38:18
STAKE001224,CUST008,ASSET_ETH,0x00000000219ab540356cbb839cbe05303d7705fa,reward_earned,0.01449293,0.00123737,0.01325556,2025-02-26,2025-02-26,2025-02-26,settled,epoch_701480,15904351,protocol_oracle,2025-02-07 06:56:00
STAKE000919,CUST006,ASSET_ETH,0x00000000219ab540356cbb839cbe05303d7705fa,reward_earned,0.08584535,0.00884067,0.07700468,2025-01-13,2025-01-15,2025-01-16,settled,epoch_630375,19171034,protocol_oracle,2025-01-23 04:53:53
STAKE001875,CUST014,ASSET_ADA,pool1pu5jlj4q9w9jlxeu0z42304fyjrjw36jqsjttxzmlkelh2vqe,reward_earned,48.54695293,4.17949247,44.36746046,2025-05-11,2025-05-12,2025-05-15,settled,epoch_732565,19160796,protocol_oracle,2025-05-13 09:01:35
STAKE000830,CUST005,ASSET_ATOM,cosmosvaloper1clpqr4nrk4khgkxj78fcwwh6dl3uw4epsluffn,reward_earned,8.87524319,0.76589698,8.10934621,2025-02-17,2025-03-10,2025-03-12,settled,epoch_570872,18564204,protocol_oracle,2025-02-06 19:53:50
STAKE001218,CUST008,ASSET_ETH,0x00000000219ab540356cbb839cbe05303d7705fa,reward_earned,0.03169271,0.00290654,0.02878617,2024-12-02,2024-12-02,2024-12-03,settled,epoch_526327,16744094,protocol_oracle,2024-12-21 03:01:19
STAKE002913,CUST020,ASSET_SOL,GE6atKoWiQ2pt3zL7N13pjNHjdLVys8LinG8qeJLcAiC,reward_earned,1.46184801,0.15556847,1.30627954,2024-11-24,2024-11-26,2024-11-26,settled,epoch_397493,16652348,protocol_oracle,2024-11-13 17:28:05
STAKE002174,CUST016,ASSET_ETH,0x00000000219ab540356cbb839cbe05303d7705fa,reward_earned,0.04817874,0.00450482,0.04367392,2024-07-28,2024-07-29,2024-07-31,settled,epoch_889245,17578533,protocol_oracle,2024-07-08 16:55:43
STAKE000527,CUST004,ASSET_MATIC,0x3f5ce5fbfe3e9af3971dd833d26ba9b5c936f0be,reward_earned,12.90749667,1.40056425,11.50693242,2025-02-15,2025-02-18,2025-02-18,settled,epoch_464510,17575557,protocol_oracle,2025-02-15 13:35:05
STAKE000891,CUST006,ASSET_SOL,Vote111111111111111111111111111111111111111,reward_earned,1.66673462,0.14428891,1.52244571,2025-06-28,2025-06-30,2025-06-30,settled,epoch_101025,15054637,protocol_oracle,2025-06-22 16:27:38
STAKE001973,CUST015,ASSET_ATOM,cosmosvaloper1clpqr4nrk4khgkxj78fcwwh6dl3uw4epsluffn,reward_earned,1.02337824,0.09210602,0.93127222,2024-11-08,2024-11-29,2024-12-02,settled,epoch_755477,19544662,protocol_oracle,2024-11-26 06:38:43
STAKE000467,CUST004,ASSET_ADA,pool1pu5jlj4q9w9jlxeu0z42304fyjrjw36jqsjttxzmlkelh2vqe,reward_earned,46.36596005,5.02436915,41.3415909,2024-09-04,2024-09-05,2024-09-05,settled,epoch_893751,17181034,protocol_oracle,2024-09-11 09:44:28
STAKE001519,CUST011,ASSET_ATOM,cosmosvaloper1clpqr4nrk4khgkxj78fcwwh6dl3uw4epsluffn,reward_earned,4.08196953,0.35314903,3.7288205,2025-03-02,2025-03-23,2025-03-23,settled,epoch_597619,16607742,protocol_oracle,2025-03-26 18:37:11
STAKE001826,CUST013,ASSET_MATIC,0x3f5ce5fbfe3e9af3971dd833d26ba9b5c936f0be,reward_earned,11.86271988,1.11271393,10.75000595,2025-04-10,2025-04-13,2025-04-16,settled,epoch_667167,15409259,protocol_oracle,2025-04-07 16:46:32
STAKE000839,CUST005,ASSET_ATOM,cosmosvaloper1clpqr4nrk4khgkxj78fcwwh6dl3uw4epsluffn,reward_earned,7.22033154,0.86309039,6.35724115,2025-04-21,2025-05-12,2025-05-12,settled,epoch_497457,15966011,protocol_oracle,2025-04-26 16:41:18
STAKE000102,CUST001,ASSET_DOT,16SpacegeUTft9v3ts27CEC3tJaxgvE4uZeCctThFH3Vb35T,reward_earned,8.08207503,0.64756322,7.43451181,2024-12-12,2025-01-09,2025-01-11,settled,epoch_860448,16164867,protocol_oracle,2024-12-01 19:07:55
STAKE001616,CUST012,ASSET_SOL,GE6atKoWiQ2pt3zL7N13pjNHjdLVys8LinG8qeJLcAiC,reward_earned,1.79663564,0.16315238,1.63348326,2025-04-02,2025-04-04,2025-04-05,settled,epoch_596231,18077141,protocol_oracle,2025-04-17 05:27:29
STAKE001613,CUST012,ASSET_SOL,Vote111111111111111111111111111111111111111,reward_earned,0.41546655,0.03449091,0.38097564,2025-03-15,2025-03-17,2025-03-18,settled,epoch_517779,18370618,protocol_oracle,2025-03-10 23:30:01
STAKE000134,CUST001,ASSET_SOL,Vote111111111111111111111111111111111111111,reward_earned,1.32860782,0.10866607,1.21994175,2024-08-23,2024-08-25,2024-08-25,settled,epoch_297209,16188391,protocol_oracle,2024-08-10 06:08:38
STAKE000297,CUST002,ASSET_SOL,Vote111111111111111111111111111111111111111,reward_earned,0.11653669,0.01326238,0.10327431,2024-10-19,2024-10-21,2024-10-23,settled,epoch_522515,15049936,protocol_oracle,2024-10-15 16:29:53
STAKE001719,CUST013,ASSET_AVAX,NodeID-MFrZFVCXPv5iCn6M9K6XduxGTYp891xXZ,reward_earned,62.33926382,6.02585209,56.31341173,2024-09-26,2024-09-26,2024-09-26,settled,epoch_210337,17236411,protocol_oracle,2024-09-16 11:14:15
STAKE000307,CUST002,ASSET_SOL,Vote111111111111111111111111111111111111111,reward_earned,1.96368983,0.1851954,1.77849443,2025-01-09,2025-01-11,2025-01-11,settled,epoch_465779,19404486,protocol_oracle,2025-01-13 16:04:11
STAKE002437,CUST017,ASSET_AVAX,NodeID-MFrZFVCXPv5iCn6M9K6XduxGTYp891xXZ,reward_earned,78.79161653,8.6287116,70.16290493,2024-10-06,2024-10-08,2024-10-08,settled,epoch_399610,15080588,protocol_oracle,2024-10-24 22:11:37
STAKE000044,CUST001,ASSET_ETH,0x00000000219ab540356cbb839cbe05303d7705fa,reward_earned,0.0034471,0.00033667,0.00311043,2024-08-11,2024-08-12,2024-08-15,settled,epoch_776703,15636598,protocol_oracle,2024-08-12 02:18:53
STAKE000148,CUST001,ASSET_SOL,Vote111111111111111111111111111111111111111,reward_earned,1.23641035,0.143962,1.09244835,2024-12-13,2024-12-15,2024-12-15,settled,epoch_848851,18564981,protocol_oracle,2024-12-23 17:47:22
STAKE002280,CUST016,ASSET_ATOM,cosmosvaloper1clpqr4nrk4khgkxj78fcwwh6dl3uw4epsluffn,reward_earned,2.65556815,0.28507993,2.37048822,2025-01-25,2025-02-15,2025-02-17,settled,epoch_897044,17082996,protocol_oracle,2025-01-26 23:40:27
STAKE001751,CUST013,ASSET_SOL,GE6atKoWiQ2pt3zL7N13pjNHjdLVys8LinG8qeJLcAiC,reward_earned,1.04598686,0.12195794,0.92402892,2024-07-20,2024-07-22,2024-07-24,settled,epoch_546608,18275136,protocol_oracle,2024-07-20 09:32:36
STAKE002144,CUST015,ASSET_AVAX,NodeID-MFrZFVCXPv5iCn6M9K6XduxGTYp891xXZ,reward_earned,57.38080424,6.64029055,50.74051369,2024-11-25,2024-11-27,2024-11-28,settled,epoch_251325,18156201,protocol_oracle,2024-11-08 15:29:37
STAKE001710,CUST013,ASSET_ATOM,cosmosvaloper1clpqr4nrk4khgkxj78fcwwh6dl3uw4epsluffn,reward_earned,8.50316501,0.85688325,7.64628176,2025-06-08,2025-06-29,2025-06-30,settled,epoch_242274,16146136,protocol_oracle,2025-06-09 01:02:20
STAKE001111,CUST008,ASSET_DOT,12xtAYsRUrmbniiWQqJtECiBQrMn8AypQcXhnQAc6RB6XkLW,reward_earned,6.47474166,0.75455481,5.72018685,2024-07-19,2024-08-16,2024-08-18,settled,epoch_150483,15081560,protocol_oracle,2024-07-13 09:43:39
STAKE000282,CUST002,ASSET_ADA,pool1pu5jlj4q9w9jlxeu0z42304fyjrjw36jqsjttxzmlkelh2vqe,reward_earned,89.24586921,9.90460044,79.34126877,2025-06-10,2025-06-12,2025-06-14,settled,epoch_218238,17264399,protocol_oracle,2025-06-22 16:46:40
STAKE000398,CUST003,ASSET_ETH,0xae7ab96520de3a18e5e111b5eaab095312d7fe84,reward_earned,0.05423542,0.00505699,0.04917843,2025-02-07,2025-02-09,2025-02-09,settled,epoch_755331,18931691,protocol_oracle,2025-02-20 05:04:22
STAKE002248,CUST016,ASSET_DOT,16SpacegeUTft9v3ts27CEC3tJaxgvE4uZeCctThFH3Vb35T,reward_earned,9.51077399,0.91303647,8.59773752,2025-03-15,2025-04-12,2025-04-14,settled,epoch_688702,18175683,protocol_oracle,2025-03-25 20:40:37
STAKE000077,CUST001,ASSET_ETH,0x00000000219ab540356cbb839cbe05303d7705fa,reward_earned,0.07418631,0.00691028,0.06727603,2025-05-08,2025-05-10,2025-05-13,settled,epoch_432963,15332251,protocol_oracle,2025-05-17 13:41:52
STAKE001058,CUST007,ASSET_MATIC,0x3f5ce5fbfe3e9af3971dd833d26ba9b5c936f0be,reward_earned,88.59512266,9.79626102,78.79886164,2025-04-14,2025-04-17,2025-04-18,settled,epoch_420942,17638234,protocol_oracle,2025-04-16 18:44:08
STAKE001592,CUST012,ASSET_SOL,GE6atKoWiQ2pt3zL7N13pjNHjdLVys8LinG8qeJLcAiC,reward_earned,1.52655723,0.14643573,1.3801215,2024-10-27,2024-10-29,2024-10-31,settled,epoch_264521,16408229,protocol_oracle,2024-10-20 21:23:09
STAKE001280,CUST009,ASSET_AVAX,NodeID-MFrZFVCXPv5iCn6M9K6XduxGTYp891xXZ,reward_earned,95.40722397,8.37118725,87.03603672,2024-07-13,2024-07-14,2024-07-14,settled,epoch_218011,18447327,protocol_oracle,2024-07-15 07:18:53
STAKE001360,CUST010,ASSET_ATOM,cosmosvaloper1clpqr4nrk4khgkxj78fcwwh6dl3uw4epsluffn,reward_earned,5.87507631,0.5417034,5.33337291,2024-07-05,2024-07-26,2024-07-26,settled,epoch_936591,18980061,protocol_oracle,2024-07-06 12:39:01
STAKE001323,CUST010,ASSET_AVAX,NodeID-7Xhw2mDxuDS44j42TCB6U5579esbSt3Lg,reward_earned,77.111418,8.23221745,68.87920055,2024-07-15,2024-07-17,2024-07-17,settled,epoch_232683,18309841,protocol_oracle,2024-07-01 23:47:07
STAKE002180,CUST016,ASSET_ETH,0x00000000219ab540356cbb839cbe05303d7705fa,reward_earned,0.02660384,0.0031499,0.02345394,2024-10-13,2024-10-14,2024-10-14,settled,epoch_541559,19794742,protocol_oracle,2024-10-26 00:56:00
STAKE002918,CUST020,ASSET_SOL,Vote111111111111111111111111111111111111111,reward_earned,0.17349392,0.01499704,0.15849688,2024-12-19,2024-12-21,2024-12-22,settled,epoch_848428,16835450,protocol_oracle,2024-12-19 18:53:51
STAKE002730,CUST019,ASSET_DOT,12xtAYsRUrmbniiWQqJtECiBQrMn8AypQcXhnQAc6RB6XkLW,reward_earned,7.02903629,0.61672983,6.41230646,2024-07-16,2024-08-13,2024-08-15,settled,epoch_103038,19845586,protocol_oracle,2024-07-27 17:57:18
STAKE001457,CUST011,ASSET_ETH,0x00000000219ab540356cbb839cbe05303d7705fa,reward_earned,0.01341843,0.00130451,0.01211392,2024-10-19,2024-10-20,2024-10-20,settled,epoch_574546,18314614,protocol_oracle,2024-10-21 10:52:10
STAKE002623,CUST018,ASSET_ATOM,cosmosvaloper1clpqr4nrk4khgkxj78fcwwh6dl3uw4epsluffn,reward_earned,1.26989747,0.14227746,1.12762001,2025-02-19,2025-03-12,2025-03-15,settled,epoch_580320,16520051,protocol_oracle,2025-02-14 09:14:43
STAKE000854,CUST006,ASSET_SOL,GE6atKoWiQ2pt3zL7N13pjNHjdLVys8LinG8qeJLcAiC,reward_earned,1.3406421,0.13244643,1.20819567,2024-08-28,2024-08-30,2024-08-30,settled,epoch_531165,17347028,protocol_oracle,2024-08-28 09:32:36
STAKE002830,CUST020,ASSET_MATIC,0x3f5ce5fbfe3e9af3971dd833d26ba9b5c936f0be,reward_earned,5.13025467,0.51439604,4.61585863,2024-12-21,2024-12-24,2024-12-25,settled,epoch_140721,17306118,protocol_oracle,2024-12-12 03:37:16
STAKE000094,CUST001,ASSET_DOT,16SpacegeUTft9v3ts27CEC3tJaxgvE4uZeCctThFH3Vb35T,reward_earned,9.30716697,0.89273237,8.4144346,2024-10-24,2024-11-21,2024-11-22,settled,epoch_106732,16412630,protocol_oracle,2024-10-27 15:00:06
STAKE002610,CUST018,ASSET_ATOM,cosmosvaloper1clpqr4nrk4khgkxj78fcwwh6dl3uw4epsluffn,reward_earned,3.57969316,0.30842926,3.2712639,2024-11-10,2024-12-01,2024-12-04,settled,epoch_290123,15992806,protocol_oracle,2024-11-01 12:47:15
STAKE000574,CUST004,ASSET_DOT,16SpacegeUTft9v3ts27CEC3tJaxgvE4uZeCctThFH3Vb35T,reward_earned,9.29320406,0.94715608,8.34604798,2025-02-11,2025-03-11,2025-03-14,settled,epoch_922149,18757555,protocol_oracle,2025-02-04 21:35:04
STAKE000900,CUST006,ASSET_ETH,0x00000000219ab540356cbb839cbe05303d7705fa,reward_earned,0.02105924,0.0024562,0.01860304,2024-08-12,2024-08-14,2024-08-15,settled,epoch_213994,18919097,protocol_oracle,2024-08-18 02:29:00
STAKE002380,CUST016,ASSET_MATIC,0x3f5ce5fbfe3e9af3971dd833d26ba9b5c936f0be,reward_earned,74.61069028,8.65636093,65.95432935,2025-05-13,2025-05-16,2025-05-16,settled,epoch_978164,19447593,protocol_oracle,2025-05-11 10:31:49
STAKE001060,CUST007,ASSET_MATIC,0x3f5ce5fbfe3e9af3971dd833d26ba9b5c936f0be,reward_earned,71.33678745,6.20638482,65.13040263,2025-05-20,2025-05-23,2025-05-26,settled,epoch_313631,19670332,protocol_oracle,2025-05-21 07:37:28
STAKE002674,CUST018,ASSET_DOT,16SpacegeUTft9v3ts27CEC3tJaxgvE4uZeCctThFH3Vb35T,reward_earned,9.18275535,0.74445045,8.4383049,2025-03-02,2025-03-30,2025-03-31,settled,epoch_724594,18029225,protocol_oracle,2025-03-12 11:38:44
STAKE002139,CUST015,ASSET_AVAX,NodeID-MFrZFVCXPv5iCn6M9K6XduxGTYp891xXZ,reward_earned,29.70307059,3.25923444,26.44383615,2024-10-10,2024-10-11,2024-10-13,settled,epoch_458005,18869956,protocol_oracle,2024-10-05 16:36:50
STAKE002844,CUST020,ASSET_MATIC,0x3f5ce5fbfe3e9af3971dd833d26ba9b5c936f0be,reward_earned,47.53187715,4.0211595,43.51071765,2025-04-09,2025-04-12,2025-04-15,settled,epoch_223176,19211757,protocol_oracle,2025-04-15 14:49:00
STAKE000150,CUST001,ASSET_SOL,Vote111111111111111111111111111111111111111,reward_earned,0.76439858,0.07256539,0.69183319,2025-01-14,2025-01-16,2025-01-19,settled,epoch_454375,17095182,protocol_oracle,2025-01-27 17:54:49
STAKE001678,CUST013,ASSET_ATOM,cosmosvaloper1clpqr4nrk4khgkxj78fcwwh6dl3uw4epsluffn,reward_earned,0.78282844,0.07349067,0.70933777,2024-10-28,2024-11-18,2024-11-20,settled,epoch_663655,17075668,protocol_oracle,2024-10-19 13:51:24
STAKE001487,CUST011,ASSET_ATOM,cosmosvaloper1clpqr4nrk4khgkxj78fcwwh6dl3uw4epsluffn,reward_earned,4.82441904,0.44095968,4.38345936,2024-07-06,2024-07-27,2024-07-27,settled,epoch_119674,16942795,protocol_oracle,2024-07-20 02:03:47
STAKE001972,CUST015,ASSET_ATOM,cosmosvaloper1clpqr4nrk4khgkxj78fcwwh6dl3uw4epsluffn,reward_earned,5.87255159,0.68979965,5.18275194,2024-10-13,2024-11-03,2024-11-06,settled,epoch_729091,16453486,protocol_oracle,2024-10-25 05:36:22
STAKE002147,CUST015,ASSET_AVAX,NodeID-7Xhw2mDxuDS44j42TCB6U5579esbSt3Lg,reward_earned,78.99155904,7.00078531,71.99077373,2024-12-25,2024-12-25,2024-12-25,settled,epoch_364483,17348164,protocol_oracle,2024-12-13 00:50:25
STAKE000476,CUST004,ASSET_ADA,pool1pu5jlj4q9w9jlxeu0z42304fyjrjw36jqsjttxzmlkelh2vqe,reward_earned,57.10351395,5.1346839,51.96883005,2024-12-26,2024-12-26,2024-12-29,settled,epoch_935998,16532469,protocol_oracle,2024-12-23 20:54:15
STAKE001946,CUST014,ASSET_ETH,0xae7ab96520de3a18e5e111b5eaab095312d7fe84,reward_earned,0.03225666,0.0037803,0.02847636,2025-03-15,2025-03-17,2025-03-17,settled,epoch_211626,19113207,protocol_oracle,2025-03-04 03:17:34
STAKE002531,CUST018,ASSET_ADA,pool1pu5jlj4q9w9jlxeu0z42304fyjrjw36jqsjttxzmlkelh2vqe,reward_earned,81.64635595,8.8693169,72.77703905,2025-04-10,2025-04-11,2025-04-14,settled,epoch_556475,19820500,protocol_oracle,2025-04-27 09:16:58
STAKE001838,CUST014,ASSET_ADA,pool1pu5jlj4q9w9jlxeu0z42304fyjrjw36jqsjttxzmlkelh2vqe,reward_earned,16.01086599,1.61097391,14.39989208,2024-08-01,2024-08-01,2024-08-01,settled,epoch_265245,18875754,protocol_oracle,2024-08-06 15:48:24
STAKE002853,CUST020,ASSET_MATIC,0x3f5ce5fbfe3e9af3971dd833d26ba9b5c936f0be,reward_earned,21.78850893,1.86341634,19.92509259,2025-06-01,2025-06-04,2025-06-06,settled,epoch_780949,16298856,protocol_oracle,2025-06-07 03:04:52
STAKE001232,CUST008,ASSET_ETH,0xae7ab96520de3a18e5e111b5eaab095312d7fe84,reward_earned,0.07907336,0.00780979,0.07126357,2025-05-18,2025-05-19,2025-05-20,settled,epoch_455968,19242867,protocol_oracle,2025-05-28 02:11:09
STAKE000265,CUST002,ASSET_ADA,pool1pu5jlj4q9w9jlxeu0z42304fyjrjw36jqsjttxzmlkelh2vqe,reward_earned,13.50258199,1.54571882,11.95686317,2024-12-19,2024-12-20,2024-12-20,settled,epoch_767841,18747860,protocol_oracle,2024-12-22 03:33:33
STAKE000775,CUST005,ASSET_DOT,16SpacegeUTft9v3ts27CEC3tJaxgvE4uZeCctThFH3Vb35T,reward_earned,5.3990506,0.62618057,4.77287003,2024-11-26,2024-12-24,2024-12-26,settled,epoch_117137,19208999,protocol_oracle,2024-11-28 23:50:49
STAKE000722,CUST005,ASSET_ETH,0x00000000219ab540356cbb839cbe05303d7705fa,reward_earned,0.08994681,0.00856094,0.08138587,2024-09-09,2024-09-09,2024-09-11,settled,epoch_125455,19725379,protocol_oracle,2024-09-08 20:44:04
STAKE001675,CUST013,ASSET_ATOM,cosmosvaloper1clpqr4nrk4khgkxj78fcwwh6dl3uw4epsluffn,reward_earned,3.61516563,0.42585253,3.1893131,2024-09-28,2024-10-19,2024-10-19,settled,epoch_575011,16343577,protocol_oracle,2024-09-20 22:42:09
STAKE002100,CUST015,ASSET_DOT,16SpacegeUTft9v3ts27CEC3tJaxgvE4uZeCctThFH3Vb35T,reward_earned,9.75824868,0.86915198,8.8890967,2024-09-21,2024-10-19,2024-10-21,settled,epoch_992407,16887570,protocol_oracle,2024-09-11 15:45:49
STAKE001500,CUST011,ASSET_ATOM,cosmosvaloper1clpqr4nrk4khgkxj78fcwwh6dl3uw4epsluffn,reward_earned,4.34116635,0.40550681,3.93565954,2024-10-09,2024-10-30,2024-11-01,settled,epoch_625318,18260829,protocol_oracle,2024-10-19 08:28:36
STAKE000084,CUST001,ASSET_DOT,12xtAYsRUrmbniiWQqJtECiBQrMn8AypQcXhnQAc6RB6XkLW,reward_earned,7.61269739,0.88962971,6.72306768,2024-07-14,2024-08-11,2024-08-11,settled,epoch_679707,16473872,protocol_oracle,2024-07-09 12:29:19
STAKE001832,CUST014,ASSET_ADA,pool1pu5jlj4q9w9jlxeu0z42304fyjrjw36jqsjttxzmlkelh2vqe,reward_earned,52.07973241,4.97728549,47.10244692,2024-07-03,2024-07-03,2024-07-05,settled,epoch_218303,15714604,protocol_oracle,2024-07-19 18:30:52
STAKE002173,CUST016,ASSET_ETH,0x00000000219ab540356cbb839cbe05303d7705fa,reward_earned,0.06390028,0.00561697,0.05828331,2024-07-09,2024-07-10,2024-07-11,settled,epoch_419082,18879226,protocol_oracle,2024-07-17 15:10:38
STAKE000827,CUST005,ASSET_ATOM,cosmosvaloper1clpqr4nrk4khgkxj78fcwwh6dl3uw4epsluffn,reward_earned,8.36398932,0.8135895,7.55039982,2025-01-25,2025-02-15,2025-02-17,settled,epoch_974113,16334366,protocol_oracle,2025-01-16 12:00:10
STAKE001640,CUST013,ASSET_ETH,0x00000000219ab540356cbb839cbe05303d7705fa,reward_earned,0.01184207,0.00111911,0.01072296,2024-11-11,2024-11-11,2024-11-13,settled,epoch_652208,15110582,protocol_oracle,2024-11-10 10:58:02
STAKE002151,CUST015,ASSET_AVAX,NodeID-7Xhw2mDxuDS44j42TCB6U5579esbSt3Lg,reward_earned,78.2073656,7.32222,70.8851456,2025-01-10,2025-01-12,2025-01-15,settled,epoch_222104,19854129,protocol_oracle,2025-01-21 16:50:00
STAKE000498,CUST004,ASSET_ADA,pool1pu5jlj4q9w9jlxeu0z42304fyjrjw36jqsjttxzmlkelh2vqe,reward_earned,2.60392567,0.25385223,2.35007344,2025-06-02,2025-06-04,2025-06-06,settled,epoch_628704,17743662,protocol_oracle,2025-06-26 17:31:18
STAKE002541,CUST018,ASSET_ADA,pool1pu5jlj4q9w9jlxeu0z42304fyjrjw36jqsjttxzmlkelh2vqe,reward_earned,70.17649996,8.36232831,61.81417165,2025-06-02,2025-06-02,2025-06-05,settled,epoch_844657,19217024,protocol_oracle,2025-06-23 22:04:40
STAKE000008,CUST001,ASSET_ADA,pool1pu5jlj4q9w9jlxeu0z42304fyjrjw36jqsjttxzmlkelh2vqe,reward_earned,88.5092296,10.42783337,78.08139623,2024-08-14,2024-08-14,2024-08-16,settled,epoch_889256,18797674,protocol_oracle,2024-08-09 07:42:20
STAKE000375,CUST003,ASSET_ETH,0x00000000219ab540356cbb839cbe05303d7705fa,reward_earned,0.09567524,0.01018219,0.08549305,2024-08-04,2024-08-04,2024-08-07,settled,epoch_830824,18339415,protocol_oracle,2024-08-23 04:49:56
STAKE001099,CUST008,ASSET_SOL,Vote111111111111111111111111111111111111111,reward_earned,0.90113126,0.09329542,0.80783584,2025-04-24,2025-04-26,2025-04-29,settled,epoch_852613,17108652,protocol_oracle,2025-04-10 17:32:12
STAKE001650,CUST013,ASSET_ETH,0xae7ab96520de3a18e5e111b5eaab095312d7fe84,reward_earned,0.08449901,0.007482,0.07701701,2025-02-13,2025-02-14,2025-02-15,settled,epoch_489577,15774039,protocol_oracle,2025-02-26 16:59:57
STAKE002868,CUST020,ASSET_ADA,pool1pu5jlj4q9w9jlxeu0z42304fyjrjw36jqsjttxzmlkelh2vqe,reward_earned,5.30881898,0.5851733,4.72364568,2024-11-24,2024-11-24,2024-11-27,settled,epoch_701363,16866907,protocol_oracle,2024-11-05 20:47:16
STAKE001514,CUST011,ASSET_ATOM,cosmosvaloper1clpqr4nrk4khgkxj78fcwwh6dl3uw4epsluffn,reward_earned,7.73386385,0.7585751,6.97528875,2025-02-03,2025-02-24,2025-02-24,settled,epoch_445083,16828968,protocol_oracle,2025-02-17 10:43:38
STAKE002273,CUST016,ASSET_ATOM,cosmosvaloper1clpqr4nrk4khgkxj78fcwwh6dl3uw4epsluffn,reward_earned,7.27392944,0.60234167,6.67158777,2024-10-12,2024-11-02,2024-11-04,settled,epoch_232587,15602484,protocol_oracle,2024-10-25 16:35:08
STAKE001347,CUST010,ASSET_AVAX,NodeID-MFrZFVCXPv5iCn6M9K6XduxGTYp891xXZ,reward_earned,6.8902262,0.68426042,6.20596578,2025-03-25,2025-03-25,2025-03-25,settled,epoch_203589,16211674,protocol_oracle,2025-03-05 08:34:29
STAKE000197,CUST002,ASSET_DOT,12xtAYsRUrmbniiWQqJtECiBQrMn8AypQcXhnQAc6RB6XkLW,reward_earned,5.31676486,0.59049959,4.72626527,2025-03-19,2025-04-16,2025-04-19,settled,epoch_837246,15731907,protocol_oracle,2025-03-08 11:00:13
STAKE001192,CUST008,ASSET_ADA,pool1pu5jlj4q9w9jlxeu0z42304fyjrjw36jqsjttxzmlkelh2vqe,reward_earned,6.95961431,0.78043114,6.17918317,2025-04-16,2025-04-17,2025-04-18,settled,epoch_119042,17127526,protocol_oracle,2025-04-06 13:10:42
STAKE002933,CUST020,ASSET_SOL,Vote111111111111111111111111111111111111111,reward_earned,0.27552517,0.02523314,0.25029203,2025-03-11,2025-03-13,2025-03-15,settled,epoch_697177,18294167,protocol_oracle,2025-03-04 10:04:17
STAKE001234,CUST008,ASSET_ETH,0xae7ab96520de3a18e5e111b5eaab095312d7fe84,reward_earned,0.09476828,0.00942174,0.08534654,2025-05-09,2025-05-11,2025-05-12,settled,epoch_573295,19810056,protocol_oracle,2025-05-25 02:50:11
STAKE000939,CUST006,ASSET_ETH,0xae7ab96520de3a18e5e111b5eaab095312d7fe84,reward_earned,0.01859974,0.00158388,0.01701586,2025-06-26,2025-06-27,2025-06-29,settled,epoch_187008,18591224,protocol_oracle,2025-06-11 00:08:59
STAKE001695,CUST013,ASSET_ATOM,cosmosvaloper1clpqr4nrk4khgkxj78fcwwh6dl3uw4epsluffn,reward_earned,2.24168572,0.25629776,1.98538796,2025-02-02,2025-02-23,2025-02-23,settled,epoch_102600,16500727,protocol_oracle,2025-02-24 10:21:04
STAKE000620,CUST004,ASSET_AVAX,NodeID-MFrZFVCXPv5iCn6M9K6XduxGTYp891xXZ,reward_earned,28.88247238,2.40684127,26.47563111,2025-03-18,2025-03-18,2025-03-21,settled,epoch_804441,15711314,protocol_oracle,2025-03-26 21:58:20
STAKE002811,CUST020,ASSET_MATIC,0x3f5ce5fbfe3e9af3971dd833d26ba9b5c936f0be,reward_earned,75.87467192,8.29806271,67.57660921,2024-07-08,2024-07-11,2024-07-14,settled,epoch_994961,17811648,protocol_oracle,2024-07-24 00:16:04
STAKE002893,CUST020,ASSET_ADA,pool1pu5jlj4q9w9jlxeu0z42304fyjrjw36jqsjttxzmlkelh2vqe,reward_earned,52.05175995,5.79100826,46.26075169,2025-06-16,2025-06-18,2025-06-20,settled,epoch_457223,19539996,protocol_oracle,2025-06-11 00:37:21
STAKE001184,CUST008,ASSET_ADA,pool1pu5jlj4q9w9jlxeu0z42304fyjrjw36jqsjttxzmlkelh2vqe,reward_earned,72.01813581,7.67714495,64.34099086,2025-02-24,2025-02-26,2025-02-27,settled,epoch_287315,17967377,protocol_oracle,2025-02-13 01:24:11
STAKE000082,CUST001,ASSET_ETH,0xae7ab96520de3a18e5e111b5eaab095312d7fe84,reward_earned,0.05806576,0.00689293,0.05117283,2025-06-08,2025-06-09,2025-06-11,settled,epoch_385066,19036352,protocol_oracle,2025-06-03 11:25:24
STAKE000558,CUST004,ASSET_DOT,12xtAYsRUrmbniiWQqJtECiBQrMn8AypQcXhnQAc6RB6XkLW,reward_earned,7.97601507,0.82279246,7.15322261,2024-10-11,2024-11-08,2024-11-09,settled,epoch_922312,19256831,protocol_oracle,2024-10-23 15:34:20
STAKE001469,CUST011,ASSET_ETH,0x00000000219ab540356cbb839cbe05303d7705fa,reward_earned,0.05706936,0.0066239,0.05044546,2025-02-28,2025-03-01,2025-03-01,settled,epoch_752354,15820312,protocol_oracle,2025-02-19 04:11:25
STAKE000631,CUST004,ASSET_AVAX,NodeID-MFrZFVCXPv5iCn6M9K6XduxGTYp891xXZ,reward_earned,57.35091174,6.2561791,51.09473264,2025-06-12,2025-06-14,2025-06-14,settled,epoch_572684,18004065,protocol_oracle,2025-06-24 15:23:31
STAKE001320,CUST009,ASSET_AVAX,NodeID-7Xhw2mDxuDS44j42TCB6U5579esbSt3Lg,reward_earned,61.36570609,7.32912731,54.03657878,2025-06-03,2025-06-05,2025-06-06,settled,epoch_388465,17823264,protocol_oracle,2025-06-19 00:56:52
STAKE001037,CUST007,ASSET_MATIC,0x3f5ce5fbfe3e9af3971dd833d26ba9b5c936f0be,reward_earned,69.78446277,7.46768435,62.31677842,2024-11-02,2024-11-05,2024-11-05,settled,epoch_997135,16566472,protocol_oracle,2024-11-04 05:09:18
STAKE002900,CUST020,ASSET_SOL,Vote111111111111111111111111111111111111111,reward_earned,1.95689081,0.17922747,1.77766334,2024-08-15,2024-08-17,2024-08-18,settled,epoch_628486,18754734,protocol_oracle,2024-08-20 07:41:37
STAKE001213,CUST008,ASSET_ETH,0xae7ab96520de3a18e5e111b5eaab095312d7fe84,reward_earned,0.0849774,0.00809495,0.07688245,2024-11-10,2024-11-11,2024-11-14,settled,epoch_255589,16874401,protocol_oracle,2024-11-19 01:52:01
STAKE001187,CUST008,ASSET_ADA,pool1pu5jlj4q9w9jlxeu0z42304fyjrjw36jqsjttxzmlkelh2vqe,reward_earned,77.44485072,8.21907071,69.22578001,2025-03-08,2025-03-10,2025-03-12,settled,epoch_255710,15113682,protocol_oracle,2025-03-22 02:14:49
STAKE002370,CUST016,ASSET_MATIC,0x3f5ce5fbfe3e9af3971dd833d26ba9b5c936f0be,reward_earned,6.76330067,0.60222833,6.16107234,2025-02-16,2025-02-19,2025-02-21,settled,epoch_674590,19856845,protocol_oracle,2025-02-12 23:28:38
STAKE000907,CUST006,ASSET_ETH,0x00000000219ab540356cbb839cbe05303d7705fa,reward_earned,0.07372025,0.00734639,0.06637386,2024-10-06,2024-10-08,2024-10-10,settled,epoch_345224,18573718,protocol_oracle,2024-10-28 07:55:52
STAKE002527,CUST018,ASSET_ADA,pool1pu5jlj4q9w9jlxeu0z42304fyjrjw36jqsjttxzmlkelh2vqe,reward_earned,79.89787944,8.24629308,71.65158636,2025-03-22,2025-03-23,2025-03-23,settled,epoch_732509,15087044,protocol_oracle,2025-03-10 17:33:27
STAKE000545,CUST004,ASSET_DOT,16SpacegeUTft9v3ts27CEC3tJaxgvE4uZeCctThFH3Vb35T,reward_earned,6.34216062,0.59082611,5.75133451,2024-07-06,2024-08-03,2024-08-03,settled,epoch_532164,15238023,protocol_oracle,2024-07-24 14:54:57
STAKE000905,CUST006,ASSET_ETH,0xae7ab96520de3a18e5e111b5eaab095312d7fe84,reward_earned,0.0475694,0.00401159,0.04355781,2024-09-09,2024-09-09,2024-09-12,settled,epoch_585705,19191437,protocol_oracle,2024-09-22 16:10:58
STAKE002118,CUST015,ASSET_DOT,12xtAYsRUrmbniiWQqJtECiBQrMn8AypQcXhnQAc6RB6XkLW,reward_earned,4.72595497,0.39871715,4.32723782,2025-02-09,2025-03-09,2025-03-12,settled,epoch_520770,15310420,protocol_oracle,2025-02-11 22:57:43
STAKE000534,CUST004,ASSET_MATIC,0x3f5ce5fbfe3e9af3971dd833d26ba9b5c936f0be,reward_earned,39.70896677,3.48386032,36.22510645,2025-04-06,2025-04-09,2025-04-12,settled,epoch_173957,16898384,protocol_oracle,2025-04-09 04:57:25
STAKE002659,CUST018,ASSET_DOT,12xtAYsRUrmbniiWQqJtECiBQrMn8AypQcXhnQAc6RB6XkLW,reward_earned,8.46294246,0.95626131,7.50668115,2024-12-14,2025-01-11,2025-01-11,settled,epoch_543888,15453698,protocol_oracle,2024-12-04 23:23:10
STAKE001083,CUST008,ASSET_SOL,GE6atKoWiQ2pt3zL7N13pjNHjdLVys8LinG8qeJLcAiC,reward_earned,1.64838192,0.15472448,1.49365744,2024-11-05,2024-11-07,2024-11-07,settled,epoch_490959,19077757,protocol_oracle,2024-11-27 01:20:27
STAKE001183,CUST008,ASSET_ADA,pool1pu5jlj4q9w9jlxeu0z42304fyjrjw36jqsjttxzmlkelh2vqe,reward_earned,63.8393031,7.03351135,56.80579175,2025-02-06,2025-02-08,2025-02-08,settled,epoch_366082,16291582,protocol_oracle,2025-02-12 17:42:54
STAKE000682,CUST005,ASSET_ADA,pool1pu5jlj4q9w9jlxeu0z42304fyjrjw36jqsjttxzmlkelh2vqe,reward_earned,82.93800367,8.89255143,74.04545224,2024-07-04,2024-07-04,2024-07-05,settled,epoch_365744,18796678,protocol_oracle,2024-07-04 13:22:42
STAKE002008,CUST015,ASSET_ADA,pool1pu5jlj4q9w9jlxeu0z42304fyjrjw36jqsjttxzmlkelh2vqe,reward_earned,86.30839348,7.03178359,79.27660989,2024-08-22,2024-08-24,2024-08-24,settled,epoch_130307,19786706,protocol_oracle,2024-08-24 02:04:03
STAKE001923,CUST014,ASSET_ETH,0xae7ab96520de3a18e5e111b5eaab095312d7fe84,reward_earned,0.03046215,0.00252081,0.02794134,2024-08-15,2024-08-17,2024-08-19,settled,epoch_351756,18556468,protocol_oracle,2024-08-18 16:06:02
STAKE001437,CUST011,ASSET_AVAX,NodeID-7Xhw2mDxuDS44j42TCB6U5579esbSt3Lg,reward_earned,98.14525217,11.35934305,86.78590912,2025-04-13,2025-04-15,2025-04-18,settled,epoch_681960,19330152,protocol_oracle,2025-04-27 09:02:28
STAKE002630,CUST018,ASSET_ATOM,cosmosvaloper1clpqr4nrk4khgkxj78fcwwh6dl3uw4epsluffn,reward_earned,8.86170605,0.98018093,7.88152512,2025-04-22,2025-05-13,2025-05-16,settled,epoch_723407,18302662,protocol_oracle,2025-04-26 08:47:21
STAKE002253,CUST016,ASSET_DOT,16SpacegeUTft9v3ts27CEC3tJaxgvE4uZeCctThFH3Vb35T,reward_earned,2.93747878,0.24511862,2.69236016,2025-04-03,2025-05-01,2025-05-03,settled,epoch_450421,19965368,protocol_oracle,2025-04-14 14:17:14
STAKE000760,CUST005,ASSET_DOT,16SpacegeUTft9v3ts27CEC3tJaxgvE4uZeCctThFH3Vb35T,reward_earned,6.6835849,0.72046606,5.96311884,2024-07-28,2024-08-25,2024-08-27,settled,epoch_476178,19268760,protocol_oracle,2024-07-10 09:41:45
STAKE002274,CUST016,ASSET_ATOM,cosmosvaloper1clpqr4nrk4khgkxj78fcwwh6dl3uw4epsluffn,reward_earned,2.21189655,0.18417235,2.0277242,2024-11-01,2024-11-22,2024-11-25,settled,epoch_961874,17411112,protocol_oracle,2024-11-04 15:24:04
STAKE001556,CUST012,ASSET_ADA,pool1pu5jlj4q9w9jlxeu0z42304fyjrjw36jqsjttxzmlkelh2vqe,reward_earned,88.05532832,7.34443099,80.71089733,2024-12-12,2024-12-13,2024-12-14,settled,epoch_357954,15023304,protocol_oracle,2024-12-15 19:26:26
STAKE001065,CUST007,ASSET_MATIC,0x3f5ce5fbfe3e9af3971dd833d26ba9b5c936f0be,reward_earned,56.2527327,6.30489216,49.94784054,2025-06-28,,,pending,epoch_849591,18239964,protocol_oracle,2025-06-04 00:35:05
STAKE001275,CUST009,ASSET_MATIC,0x3f5ce5fbfe3e9af3971dd833d26ba9b5c936f0be,reward_earned,76.60821726,8.00290977,68.60530749,2025-05-13,2025-05-16,2025-05-19,settled,epoch_702665,15790213,protocol_oracle,2025-05-05 10:28:13
STAKE000622,CUST004,ASSET_AVAX,NodeID-MFrZFVCXPv5iCn6M9K6XduxGTYp891xXZ,reward_earned,1.95487915,0.15744184,1.79743731,2025-04-25,2025-04-25,2025-04-25,settled,epoch_747454,15590413,protocol_oracle,2025-04-05 18:40:55
STAKE001426,CUST011,ASSET_AVAX,NodeID-MFrZFVCXPv5iCn6M9K6XduxGTYp891xXZ,reward_earned,76.60141625,8.31679027,68.28462598,2025-01-13,2025-01-14,2025-01-16,settled,epoch_832205,17439421,protocol_oracle,2025-01-13 22:50:15
STAKE000757,CUST005,ASSET_ETH,0xae7ab96520de3a18e5e111b5eaab095312d7fe84,reward_earned,0.00485528,0.00050162,0.00435366,2025-06-10,2025-06-11,2025-06-11,settled,epoch_744206,15001787,protocol_oracle,2025-06-27 06:50:10
STAKE002259,CUST016,ASSET_DOT,16SpacegeUTft9v3ts27CEC3tJaxgvE4uZeCctThFH3Vb35T,reward_earned,3.55506023,0.3592107,3.19584953,2025-06-27,,,pending,epoch_793375,17043476,protocol_oracle,2025-06-27 19:09:55
STAKE002123,CUST015,ASSET_DOT,12xtAYsRUrmbniiWQqJtECiBQrMn8AypQcXhnQAc6RB6XkLW,reward_earned,7.83149264,0.73331845,7.09817419,2025-04-24,2025-05-22,2025-05-23,settled,epoch_521033,15028917,protocol_oracle,2025-04-05 05:07:27
STAKE001959,CUST014,ASSET_ETH,0xae7ab96520de3a18e5e111b5eaab095312d7fe84,reward_earned,0.02414166,0.0022345,0.02190716,2025-06-18,2025-06-19,2025-06-21,settled,epoch_913674,15442258,protocol_oracle,2025-06-20 07:00:57
STAKE000531,CUST004,ASSET_MATIC,0x3f5ce5fbfe3e9af3971dd833d26ba9b5c936f0be,reward_earned,85.97122443,7.83514703,78.1360774,2025-03-20,2025-03-23,2025-03-26,settled,epoch_410899,18269647,protocol_oracle,2025-03-17 13:57:30
STAKE002095,CUST015,ASSET_DOT,12xtAYsRUrmbniiWQqJtECiBQrMn8AypQcXhnQAc6RB6XkLW,reward_earned,9.44717651,0.87390203,8.57327448,2024-08-20,2024-09-17,2024-09-18,settled,epoch_517195,16309426,protocol_oracle,2024-08-04 23:51:23
STAKE002052,CUST015,ASSET_MATIC,0x3f5ce5fbfe3e9af3971dd833d26ba9b5c936f0be,reward_earned,80.97501093,7.30669106,73.66831987,2024-08-16,2024-08-19,2024-08-19,settled,epoch_954266,19435229,protocol_oracle,2024-08-24 13:53:51
STAKE001259,CUST009,ASSET_MATIC,0x3f5ce5fbfe3e9af3971dd833d26ba9b5c936f0be,reward_earned,93.82842975,10.94803846,82.88039129,2025-01-10,2025-01-13,2025-01-16,settled,epoch_194421,18951532,protocol_oracle,2025-01-28 19:28:09
STAKE001118,CUST008,ASSET_DOT,16SpacegeUTft9v3ts27CEC3tJaxgvE4uZeCctThFH3Vb35T,reward_earned,5.74573238,0.52607375,5.21965863,2024-08-07,2024-09-04,2024-09-05,settled,epoch_335959,15172060,protocol_oracle,2024-08-01 12:31:29
STAKE002804,CUST020,ASSET_DOT,12xtAYsRUrmbniiWQqJtECiBQrMn8AypQcXhnQAc6RB6XkLW,reward_earned,9.83571533,1.17897183,8.6567435,2025-05-27,2025-06-24,2025-06-27,settled,epoch_619693,19022220,protocol_oracle,2025-05-12 00:46:35
STAKE000838,CUST005,ASSET_ATOM,cosmosvaloper1clpqr4nrk4khgkxj78fcwwh6dl3uw4epsluffn,reward_earned,0.9180628,0.0804378,0.837625,2025-04-24,2025-05-15,2025-05-15,settled,epoch_560302,19521722,protocol_oracle,2025-04-21 11:03:50
STAKE001461,CUST011,ASSET_ETH,0xae7ab96520de3a18e5e111b5eaab095312d7fe84,reward_earned,0.06234996,0.00568505,0.05666491,2024-12-25,2024-12-26,2024-12-27,settled,epoch_713187,16888867,protocol_oracle,2024-12-06 05:22:12
STAKE002412,CUST017,ASSET_DOT,16SpacegeUTft9v3ts27CEC3tJaxgvE4uZeCctThFH3Vb35T,reward_earned,1.44822185,0.17058553,1.27763632,2025-03-18,2025-04-15,2025-04-18,settled,epoch_295195,18952697,protocol_oracle,2025-03-05 16:29:47
STAKE002136,CUST015,ASSET_AVAX,NodeID-MFrZFVCXPv5iCn6M9K6XduxGTYp891xXZ,reward_earned,89.79359884,10.26802463,79.52557421,2024-08-01,2024-08-02,2024-08-04,settled,epoch_834956,18680829,protocol_oracle,2024-08-24 06:53:07
STAKE000237,CUST002,ASSET_AVAX,NodeID-MFrZFVCXPv5iCn6M9K6XduxGTYp891xXZ,reward_earned,94.02206415,10.46351263,83.55855152,2025-04-24,2025-04-25,2025-04-25,settled,epoch_380608,17218779,protocol_oracle,2025-04-10 13:43:15
STAKE001473,CUST011,ASSET_ETH,0x00000000219ab540356cbb839cbe05303d7705fa,reward_earned,0.03602945,0.00321422,0.03281523,2025-03-23,2025-03-23,2025-03-23,settled,epoch_471852,15083324,protocol_oracle,2025-03-11 03:17:13
STAKE000624,CUST004,ASSET_AVAX,NodeID-7Xhw2mDxuDS44j42TCB6U5579esbSt3Lg,reward_earned,1.38027238,0.15412633,1.22614605,2025-04-06,2025-04-06,2025-04-06,settled,epoch_320430,15419418,protocol_oracle,2025-04-23 02:24:20
STAKE000997,CUST007,ASSET_DOT,16SpacegeUTft9v3ts27CEC3tJaxgvE4uZeCctThFH3Vb35T,reward_earned,8.15528651,0.77710787,7.37817864,2024-12-22,2025-01-19,2025-01-19,settled,epoch_207012,18446771,protocol_oracle,2024-12-13 03:09:13
STAKE002065,CUST015,ASSET_MATIC,0x3f5ce5fbfe3e9af3971dd833d26ba9b5c936f0be,reward_earned,48.48013817,4.6738922,43.80624597,2024-11-25,2024-11-28,2024-11-29,settled,epoch_695303,19361237,protocol_oracle,2024-11-25 08:27:41
STAKE002947,CUST020,ASSET_SOL,GE6atKoWiQ2pt3zL7N13pjNHjdLVys8LinG8qeJLcAiC,reward_earned,0.11677196,0.01165158,0.10512038,2025-06-01,2025-06-03,2025-06-04,settled,epoch_996665,19993740,protocol_oracle,2025-06-25 16:53:18
STAKE002654,CUST018,ASSET_DOT,16SpacegeUTft9v3ts27CEC3tJaxgvE4uZeCctThFH3Vb35T,reward_earned,2.35718047,0.23737228,2.11980819,2024-09-26,2024-10-24,2024-10-24,settled,epoch_584903,16787333,protocol_oracle,2024-09-14 10:42:18
STAKE002035,CUST015,ASSET_ADA,pool1pu5jlj4q9w9jlxeu0z42304fyjrjw36jqsjttxzmlkelh2vqe,reward_earned,16.8436926,1.5159719,15.3277207,2025-03-02,2025-03-04,2025-03-05,settled,epoch_524146,19492495,protocol_oracle,2025-03-05 13:52:32
STAKE001451,CUST011,ASSET_ETH,0xae7ab96520de3a18e5e111b5eaab095312d7fe84,reward_earned,0.08081612,0.00672515,0.07409097,2024-08-25,2024-08-25,2024-08-26,settled,epoch_567296,15329988,protocol_oracle,2024-08-11 21:00:02
STAKE001298,CUST009,ASSET_AVAX,NodeID-MFrZFVCXPv5iCn6M9K6XduxGTYp891xXZ,reward_earned,92.3904354,9.75677185,82.63366355,2024-12-25,2024-12-26,2024-12-27,settled,epoch_618681,16317455,protocol_oracle,2024-12-14 08:34:41
STAKE000390,CUST003,ASSET_ETH,0x00000000219ab540356cbb839cbe05303d7705fa,reward_earned,0.00683436,0.00068164,0.00615272,2024-12-17,2024-12-19,2024-12-20,settled,epoch_426584,17834246,protocol_oracle,2024-12-27 04:02:20
STAKE001712,CUST013,ASSET_AVAX,NodeID-7Xhw2mDxuDS44j42TCB6U5579esbSt3Lg,reward_earned,85.18330171,7.20266313,77.98063858,2024-07-24,2024-07-26,2024-07-26,settled,epoch_368462,19481069,protocol_oracle,2024-07-10 06:14:36
STAKE000507,CUST004,ASSET_MATIC,0x3f5ce5fbfe3e9af3971dd833d26ba9b5c936f0be,reward_earned,45.23442632,4.34101798,40.89340834,2024-09-13,2024-09-16,2024-09-16,settled,epoch_908435,18191906,protocol_oracle,2024-09-19 03:05:11
STAKE002150,CUST015,ASSET_AVAX,NodeID-7Xhw2mDxuDS44j42TCB6U5579esbSt3Lg,reward_earned,25.00156996,2.71557298,22.28599698,2024-12-03,2024-12-03,2024-12-05,settled,epoch_134609,18208979,protocol_oracle,2024-12-28 08:16:33
STAKE002271,CUST016,ASSET_ATOM,cosmosvaloper1clpqr4nrk4khgkxj78fcwwh6dl3uw4epsluffn,reward_earned,4.83290597,0.4246466,4.40825937,2024-10-25,2024-11-15,2024-11-18,settled,epoch_177150,15514736,protocol_oracle,2024-10-09 21:16:33
STAKE000874,CUST006,ASSET_SOL,GE6atKoWiQ2pt3zL7N13pjNHjdLVys8LinG8qeJLcAiC,reward_earned,0.97591838,0.11115444,0.86476394,2025-02-14,2025-02-16,2025-02-16,settled,epoch_900117,19709120,protocol_oracle,2025-02-21 04:39:13
STAKE002632,CUST018,ASSET_ATOM,cosmosvaloper1clpqr4nrk4khgkxj78fcwwh6dl3uw4epsluffn,reward_earned,3.60047391,0.37853325,3.22194066,2025-04-03,2025-04-24,2025-04-26,settled,epoch_388438,18719109,protocol_oracle,2025-04-09 10:41:02
STAKE002261,CUST016,ASSET_DOT,12xtAYsRUrmbniiWQqJtECiBQrMn8AypQcXhnQAc6RB6XkLW,reward_earned,2.80744782,0.24714055,2.56030727,2025-06-08,,,pending,epoch_902271,19039995,protocol_oracle,2025-06-20 12:28:59
STAKE000599,CUST004,ASSET_AVAX,NodeID-MFrZFVCXPv5iCn6M9K6XduxGTYp891xXZ,reward_earned,92.02322572,7.92554787,84.09767785,2024-09-21,2024-09-22,2024-09-25,settled,epoch_334713,16211377,protocol_oracle,2024-09-10 20:46:11
STAKE002575,CUST018,ASSET_MATIC,0x3f5ce5fbfe3e9af3971dd833d26ba9b5c936f0be,reward_earned,45.80900392,3.86261611,41.94638781,2025-03-13,2025-03-16,2025-03-16,settled,epoch_455969,16259958,protocol_oracle,2025-03-01 20:23:58
STAKE002626,CUST018,ASSET_ATOM,cosmosvaloper1clpqr4nrk4khgkxj78fcwwh6dl3uw4epsluffn,reward_earned,8.35201458,0.82402472,7.52798986,2025-03-10,2025-03-31,2025-03-31,settled,epoch_315589,16534169,protocol_oracle,2025-03-24 13:00:52
STAKE002879,CUST020,ASSET_ADA,pool1pu5jlj4q9w9jlxeu0z42304fyjrjw36jqsjttxzmlkelh2vqe,reward_earned,44.79298546,5.25198233,39.54100313,2025-02-17,2025-02-19,2025-02-20,settled,epoch_614188,19039275,protocol_oracle,2025-02-26 08:11:13
STAKE001979,CUST015,ASSET_ATOM,cosmosvaloper1clpqr4nrk4khgkxj78fcwwh6dl3uw4epsluffn,reward_earned,8.80346561,1.02865441,7.7748112,2025-01-20,2025-02-10,2025-02-12,settled,epoch_360821,19775787,protocol_oracle,2025-01-14 19:55:27
STAKE000927,CUST006,ASSET_ETH,0x00000000219ab540356cbb839cbe05303d7705fa,reward_earned,0.05344435,0.00594661,0.04749774,2025-03-23,2025-03-23,2025-03-25,settled,epoch_207186,16875303,protocol_oracle,2025-03-28 16:06:35
STAKE001283,CUST009,ASSET_AVAX,NodeID-MFrZFVCXPv5iCn6M9K6XduxGTYp891xXZ,reward_earned,14.81455825,1.45697087,13.35758738,2024-07-02,2024-07-02,2024-07-05,settled,epoch_519655,17431672,protocol_oracle,2024-07-18 19:57:03
STAKE001623,CUST012,ASSET_SOL,GE6atKoWiQ2pt3zL7N13pjNHjdLVys8LinG8qeJLcAiC,reward_earned,1.32446045,0.15417936,1.17028109,2025-06-06,2025-06-08,2025-06-08,settled,epoch_745836,17418575,protocol_oracle,2025-06-18 10:14:16
STAKE002154,CUST015,ASSET_AVAX,NodeID-7Xhw2mDxuDS44j42TCB6U5579esbSt3Lg,reward_earned,68.19482,5.57027083,62.62454917,2025-01-18,2025-01-19,2025-01-19,settled,epoch_276982,16026289,protocol_oracle,2025-01-08 02:58:30
STAKE002647,CUST018,ASSET_DOT,12xtAYsRUrmbniiWQqJtECiBQrMn8AypQcXhnQAc6RB6XkLW,reward_earned,9.46378716,1.10207118,8.36171598,2024-08-11,2024-09-08,2024-09-08,settled,epoch_529805,15265955,protocol_oracle,2024-08-06 14:01:46
STAKE001554,CUST012,ASSET_ADA,pool1pu5jlj4q9w9jlxeu0z42304fyjrjw36jqsjttxzmlkelh2vqe,reward_earned,24.11969225,2.73194187,21.38775038,2024-12-05,2024-12-05,2024-12-06,settled,epoch_697927,19064106,protocol_oracle,2024-12-14 13:38:51
STAKE002942,CUST020,ASSET_SOL,Vote111111111111111111111111111111111111111,reward_earned,1.71356264,0.18788912,1.52567352,2025-05-20,2025-05-22,2025-05-24,settled,epoch_977327,15075735,protocol_oracle,2025-05-07 17:42:29
STAKE000071,CUST001,ASSET_ETH,0xae7ab96520de3a18e5e111b5eaab095312d7fe84,reward_earned,0.0939534,0.00797027,0.08598313,2025-03-20,2025-03-20,2025-03-23,settled,epoch_211028,17991179,protocol_oracle,2025-03-11 05:00:25
STAKE002114,CUST015,ASSET_DOT,12xtAYsRUrmbniiWQqJtECiBQrMn8AypQcXhnQAc6RB6XkLW,reward_earned,6.64786246,0.6603105,5.98755196,2025-01-01,2025-01-29,2025-02-01,settled,epoch_669862,16990099,protocol_oracle,2025-01-25 14:24:09
STAKE002393,CUST017,ASSET_DOT,16SpacegeUTft9v3ts27CEC3tJaxgvE4uZeCctThFH3Vb35T,reward_earned,6.25279814,0.72458819,5.52820995,2024-10-26,2024-11-23,2024-11-24,settled,epoch_567679,18589128,protocol_oracle,2024-10-20 16:33:41
STAKE002637,CUST018,ASSET_ATOM,cosmosvaloper1clpqr4nrk4khgkxj78fcwwh6dl3uw4epsluffn,reward_earned,6.04827261,0.55715329,5.49111932,2025-06-14,,,pending,epoch_830466,17321096,protocol_oracle,2025-06-26 00:30:14
STAKE001166,CUST008,ASSET_ADA,pool1pu5jlj4q9w9jlxeu0z42304fyjrjw36jqsjttxzmlkelh2vqe,reward_earned,92.05550214,7.88764221,84.16785993,2024-08-16,2024-08-18,2024-08-20,settled,epoch_183257,18090030,protocol_oracle,2024-08-24 17:28:05
STAKE002313,CUST016,ASSET_SOL,GE6atKoWiQ2pt3zL7N13pjNHjdLVys8LinG8qeJLcAiC,reward_earned,1.93904605,0.156665,1.78238105,2024-09-18,2024-09-20,2024-09-20,settled,epoch_941316,19476553,protocol_oracle,2024-09-26 16:00:45
STAKE002478,CUST017,ASSET_ETH,0xae7ab96520de3a18e5e111b5eaab095312d7fe84,reward_earned,0.08775102,0.00745573,0.08029529,2024-12-19,2024-12-20,2024-12-22,settled,epoch_722767,17981306,protocol_oracle,2024-12-09 09:39:47
STAKE000277,CUST002,ASSET_ADA,pool1pu5jlj4q9w9jlxeu0z42304fyjrjw36jqsjttxzmlkelh2vqe,reward_earned,74.16998429,8.4629849,65.70699939,2025-04-04,2025-04-04,2025-04-07,settled,epoch_278501,17643355,protocol_oracle,2025-04-22 02:10:11
STAKE001682,CUST013,ASSET_ATOM,cosmosvaloper1clpqr4nrk4khgkxj78fcwwh6dl3uw4epsluffn,reward_earned,0.86153344,0.09181894,0.7697145,2024-10-06,2024-10-27,2024-10-28,settled,epoch_691967,19628929,protocol_oracle,2024-10-03 20:53:18
STAKE002554,CUST018,ASSET_MATIC,0x3f5ce5fbfe3e9af3971dd833d26ba9b5c936f0be,reward_earned,59.59899088,6.7470042,52.85198668,2024-10-02,2024-10-05,2024-10-08,settled,epoch_550181,17667584,protocol_oracle,2024-10-16 21:05:10
STAKE002517,CUST018,ASSET_ADA,pool1pu5jlj4q9w9jlxeu0z42304fyjrjw36jqsjttxzmlkelh2vqe,reward_earned,3.26286854,0.28256192,2.98030662,2025-01-03,2025-01-05,2025-01-07,settled,epoch_894360,19879268,protocol_oracle,2025-01-27 21:26:22
STAKE002026,CUST015,ASSET_ADA,pool1pu5jlj4q9w9jlxeu0z42304fyjrjw36jqsjttxzmlkelh2vqe,reward_earned,55.22543355,6.00074432,49.22468923,2025-01-18,2025-01-20,2025-01-20,settled,epoch_867913,15465460,protocol_oracle,2025-01-07 17:04:52
STAKE000562,CUST004,ASSET_DOT,16SpacegeUTft9v3ts27CEC3tJaxgvE4uZeCctThFH3Vb35T,reward_earned,7.07175641,0.83241592,6.23934049,2024-11-16,2024-12-14,2024-12-17,settled,epoch_325657,18792588,protocol_oracle,2024-11-10 17:44:43
STAKE002724,CUST019,ASSET_ETH,0x00000000219ab540356cbb839cbe05303d7705fa,reward_earned,0.0812091,0.00965361,0.07155549,2025-06-15,2025-06-17,2025-06-18,settled,epoch_938271,16573898,protocol_oracle,2025-06-19 07:48:44
STAKE000321,CUST002,ASSET_SOL,Vote111111111111111111111111111111111111111,reward_earned,0.5291534,0.04941322,0.47974018,2025-04-11,2025-04-13,2025-04-16,settled,epoch_246054,16713233,protocol_oracle,2025-04-18 23:21:59
STAKE001431,CUST011,ASSET_AVAX,NodeID-MFrZFVCXPv5iCn6M9K6XduxGTYp891xXZ,reward_earned,76.48029584,8.60280403,67.87749181,2025-03-13,2025-03-15,2025-03-15,settled,epoch_268586,16904908,protocol_oracle,2025-03-24 12:01:09
STAKE000745,CUST005,ASSET_ETH,0xae7ab96520de3a18e5e111b5eaab095312d7fe84,reward_earned,0.0990522,0.00875866,0.09029354,2025-03-14,2025-03-16,2025-03-18,settled,epoch_271328,15314245,protocol_oracle,2025-03-09 23:30:50
STAKE001171,CUST008,ASSET_ADA,pool1pu5jlj4q9w9jlxeu0z42304fyjrjw36jqsjttxzmlkelh2vqe,reward_earned,3.43407439,0.40330469,3.0307697,2024-10-27,2024-10-28,2024-10-28,settled,epoch_780606,19354895,protocol_oracle,2024-10-22 01:02:01
STAKE000486,CUST004,ASSET_ADA,pool1pu5jlj4q9w9jlxeu0z42304fyjrjw36jqsjttxzmlkelh2vqe,reward_earned,19.99850256,1.91684846,18.0816541,2025-03-05,2025-03-06,2025-03-07,settled,epoch_993761,16324923,protocol_oracle,2025-03-20 21:10:20
STAKE000366,CUST003,ASSET_MATIC,0x3f5ce5fbfe3e9af3971dd833d26ba9b5c936f0be,reward_earned,73.47685243,7.40909395,66.06775848,2025-05-10,2025-05-13,2025-05-16,settled,epoch_409268,15919516,protocol_oracle,2025-05-23 22:58:54
STAKE002668,CUST018,ASSET_DOT,12xtAYsRUrmbniiWQqJtECiBQrMn8AypQcXhnQAc6RB6XkLW,reward_earned,4.9115932,0.56180038,4.34979282,2025-02-03,2025-03-03,2025-03-04,settled,epoch_901834,19321977,protocol_oracle,2025-02-28 04:27:59
STAKE000539,CUST004,ASSET_MATIC,0x3f5ce5fbfe3e9af3971dd833d26ba9b5c936f0be,reward_earned,24.88796689,2.83719379,22.0507731,2025-05-24,2025-05-27,2025-05-29,settled,epoch_977353,18627882,protocol_oracle,2025-05-14 01:40:06
STAKE002163,CUST015,ASSET_AVAX,NodeID-MFrZFVCXPv5iCn6M9K6XduxGTYp891xXZ,reward_earned,20.96465568,2.15756907,18.80708661,2025-05-10,2025-05-12,2025-05-13,settled,epoch_632350,19139033,protocol_oracle,2025-05-05 07:44:35
STAKE001872,CUST014,ASSET_ADA,pool1pu5jlj4q9w9jlxeu0z42304fyjrjw36jqsjttxzmlkelh2vqe,reward_earned,46.5291336,4.4696223,42.0595113,2025-05-25,2025-05-27,2025-05-28,settled,epoch_293017,18566116,protocol_oracle,2025-05-14 13:28:32
STAKE002572,CUST018,ASSET_MATIC,0x3f5ce5fbfe3e9af3971dd833d26ba9b5c936f0be,reward_earned,74.85514064,8.44821121,66.40692943,2025-02-06,2025-02-09,2025-02-12,settled,epoch_146981,16326550,protocol_oracle,2025-02-03 11:52:59
STAKE002494,CUST017,ASSET_ETH,0x00000000219ab540356cbb839cbe05303d7705fa,reward_earned,0.04178154,0.00337516,0.03840638,2025-05-20,2025-05-21,2025-05-24,settled,epoch_478101,16705139,protocol_oracle,2025-05-18 06:53:36
STAKE001380,CUST010,ASSET_ATOM,cosmosvaloper1clpqr4nrk4khgkxj78fcwwh6dl3uw4epsluffn,reward_earned,4.17004652,0.40807703,3.76196949,2025-01-09,2025-01-30,2025-02-02,settled,epoch_702673,17100363,protocol_oracle,2025-01-10 18:56:45
STAKE002346,CUST016,ASSET_SOL,Vote111111111111111111111111111111111111111,reward_earned,1.84663457,0.16371431,1.68292026,2025-06-22,2025-06-24,2025-06-26,settled,epoch_611871,18438847,protocol_oracle,2025-06-28 06:36:46
STAKE001530,CUST011,ASSET_ATOM,cosmosvaloper1clpqr4nrk4khgkxj78fcwwh6dl3uw4epsluffn,reward_earned,3.0536037,0.29879714,2.75480656,2025-06-21,,,pending,epoch_313476,15260783,protocol_oracle,2025-06-17 20:34:02
STAKE001494,CUST011,ASSET_ATOM,cosmosvaloper1clpqr4nrk4khgkxj78fcwwh6dl3uw4epsluffn,reward_earned,9.65347624,0.8879925,8.76548374,2024-09-10,2024-10-01,2024-10-01,settled,epoch_850168,15831661,protocol_oracle,2024-09-13 11:17:57
STAKE002192,CUST016,ASSET_ETH,0x00000000219ab540356cbb839cbe05303d7705fa,reward_earned,0.00314224,0.00032303,0.00281921,2024-12-25,2024-12-26,2024-12-28,settled,epoch_300149,18847319,protocol_oracle,2024-12-06 01:15:14
STAKE002815,CUST020,ASSET_MATIC,0x3f5ce5fbfe3e9af3971dd833d26ba9b5c936f0be,reward_earned,35.97717254,4.11682381,31.86034873,2024-07-19,2024-07-22,2024-07-23,settled,epoch_877753,17685674,protocol_oracle,2024-07-05 03:04:57
STAKE002081,CUST015,ASSET_MATIC,0x3f5ce5fbfe3e9af3971dd833d26ba9b5c936f0be,reward_earned,83.17677444,7.53791677,75.63885767,2025-04-05,2025-04-08,2025-04-08,settled,epoch_610527,18396675,protocol_oracle,2025-04-23 07:19:55
STAKE002458,CUST017,ASSET_AVAX,NodeID-7Xhw2mDxuDS44j42TCB6U5579esbSt3Lg,reward_earned,30.02210619,3.46057008,26.56153611,2025-05-13,2025-05-14,2025-05-17,settled,epoch_753316,16435286,protocol_oracle,2025-05-08 14:21:38
STAKE000832,CUST005,ASSET_ATOM,cosmosvaloper1clpqr4nrk4khgkxj78fcwwh6dl3uw4epsluffn,reward_earned,7.98635782,0.67940871,7.30694911,2025-03-03,2025-03-24,2025-03-24,settled,epoch_340897,19475682,protocol_oracle,2025-03-28 03:35:30
STAKE000879,CUST006,ASSET_SOL,GE6atKoWiQ2pt3zL7N13pjNHjdLVys8LinG8qeJLcAiC,reward_earned,1.5355907,0.1580255,1.3775652,2025-04-25,2025-04-27,2025-04-30,settled,epoch_918433,17486481,protocol_oracle,2025-04-27 17:41:38
STAKE001009,CUST007,ASSET_DOT,16SpacegeUTft9v3ts27CEC3tJaxgvE4uZeCctThFH3Vb35T,reward_earned,5.82810036,0.69915014,5.12895022,2025-03-24,2025-04-21,2025-04-24,settled,epoch_796866,15419643,protocol_oracle,2025-03-09 01:37:22
STAKE001681,CUST013,ASSET_ATOM,cosmosvaloper1clpqr4nrk4khgkxj78fcwwh6dl3uw4epsluffn,reward_earned,7.4331644,0.86918923,6.56397517,2024-10-16,2024-11-06,2024-11-08,settled,epoch_545324,15533867,protocol_oracle,2024-10-15 00:21:00
STAKE002354,CUST016,ASSET_MATIC,0x3f5ce5fbfe3e9af3971dd833d26ba9b5c936f0be,reward_earned,16.80192595,1.96222587,14.83970008,2024-09-16,2024-09-19,2024-09-19,settled,epoch_158356,19691124,protocol_oracle,2024-09-05 04:32:14
STAKE002679,CUST018,ASSET_DOT,16SpacegeUTft9v3ts27CEC3tJaxgvE4uZeCctThFH3Vb35T,reward_earned,6.03846963,0.55172494,5.48674469,2025-05-11,2025-06-08,2025-06-10,settled,epoch_696839,18490119,protocol_oracle,2025-05-15 08:59:46
STAKE002270,CUST016,ASSET_ATOM,cosmosvaloper1clpqr4nrk4khgkxj78fcwwh6dl3uw4epsluffn,reward_earned,6.58597078,0.57777861,6.00819217,2024-10-22,2024-11-12,2024-11-13,settled,epoch_798361,18149653,protocol_oracle,2024-10-27 18:39:03
STAKE002842,CUST020,ASSET_MATIC,0x3f5ce5fbfe3e9af3971dd833d26ba9b5c936f0be,reward_earned,89.35796595,8.14761881,81.21034714,2025-04-18,2025-04-21,2025-04-21,settled,epoch_827770,17605712,protocol_oracle,2025-04-18 13:26:30
STAKE000254,CUST002,ASSET_ADA,pool1pu5jlj4q9w9jlxeu0z42304fyjrjw36jqsjttxzmlkelh2vqe,reward_earned,30.05388108,3.3981159,26.65576518,2024-09-17,2024-09-18,2024-09-21,settled,epoch_517654,15251154,protocol_oracle,2024-09-04 05:51:20
STAKE002516,CUST018,ASSET_ADA,pool1pu5jlj4q9w9jlxeu0z42304fyjrjw36jqsjttxzmlkelh2vqe,reward_earned,22.87389333,2.24787624,20.62601709,2025-01-26,2025-01-28,2025-01-28,settled,epoch_809821,19344305,protocol_oracle,2025-01-28 06:43:13
STAKE000572,CUST004,ASSET_DOT,16SpacegeUTft9v3ts27CEC3tJaxgvE4uZeCctThFH3Vb35T,reward_earned,5.1225544,0.57666879,4.54588561,2025-01-23,2025-02-20,2025-02-21,settled,epoch_131815,15325262,protocol_oracle,2025-01-18 03:51:59
STAKE000711,CUST005,ASSET_ADA,pool1pu5jlj4q9w9jlxeu0z42304fyjrjw36jqsjttxzmlkelh2vqe,reward_earned,92.85276534,9.11725227,83.73551307,2025-06-03,2025-06-03,2025-06-05,settled,epoch_635946,19760146,protocol_oracle,2025-06-14 06:17:03
STAKE002304,CUST016,ASSET_SOL,Vote111111111111111111111111111111111111111,reward_earned,0.75389448,0.08774975,0.66614473,2024-07-01,2024-07-03,2024-07-05,settled,epoch_119776,18267654,protocol_oracle,2024-07-04 13:25:16
STAKE002484,CUST017,ASSET_ETH,0x00000000219ab540356cbb839cbe05303d7705fa,reward_earned,0.00505446,0.00045906,0.0045954,2025-01-13,2025-01-13,2025-01-14,settled,epoch_686612,17364259,protocol_oracle,2025-01-03 22:58:54
STAKE000039,CUST001,ASSET_ADA,pool1pu5jlj4q9w9jlxeu0z42304fyjrjw36jqsjttxzmlkelh2vqe,reward_earned,21.71451978,1.80787075,19.90664903,2025-06-28,2025-06-28,2025-07-01,settled,epoch_929420,15544194,protocol_oracle,2025-06-06 16:24:48
STAKE000177,CUST002,ASSET_DOT,12xtAYsRUrmbniiWQqJtECiBQrMn8AypQcXhnQAc6RB6XkLW,reward_earned,2.77730507,0.31001627,2.4672888,2024-09-09,2024-10-07,2024-10-08,settled,epoch_963408,16761376,protocol_oracle,2024-09-18 03:00:41
STAKE002115,CUST015,ASSET_DOT,16SpacegeUTft9v3ts27CEC3tJaxgvE4uZeCctThFH3Vb35T,reward_earned,0.12557812,0.01216133,0.11341679,2025-01-24,2025-02-21,2025-02-23,settled,epoch_822513,15550967,protocol_oracle,2025-01-21 13:11:06
STAKE001508,CUST011,ASSET_ATOM,cosmosvaloper1clpqr4nrk4khgkxj78fcwwh6dl3uw4epsluffn,reward_earned,3.74065568,0.34368166,3.39697402,2025-01-26,2025-02-16,2025-02-16,settled,epoch_644700,18126996,protocol_oracle,2025-01-27 16:47:38
STAKE002063,CUST015,ASSET_MATIC,0x3f5ce5fbfe3e9af3971dd833d26ba9b5c936f0be,reward_earned,78.64405449,8.92491615,69.71913834,2024-11-04,2024-11-07,2024-11-10,settled,epoch_895450,17745432,protocol_oracle,2024-11-19 15:41:40
STAKE000773,CUST005,ASSET_DOT,12xtAYsRUrmbniiWQqJtECiBQrMn8AypQcXhnQAc6RB6XkLW,reward_earned,4.54778625,0.41844773,4.12933852,2024-11-27,2024-12-25,2024-12-26,settled,epoch_956410,16924958,protocol_oracle,2024-11-22 18:16:25
STAKE001700,CUST013,ASSET_ATOM,cosmosvaloper1clpqr4nrk4khgkxj78fcwwh6dl3uw4epsluffn,reward_earned,2.21519699,0.18909037,2.02610662,2025-03-19,2025-04-09,2025-04-11,settled,epoch_403576,15117138,protocol_oracle,2025-03-19 10:18:15
STAKE000404,CUST003,ASSET_ETH,0xae7ab96520de3a18e5e111b5eaab095312d7fe84,reward_earned,0.03186442,0.00321446,0.02864996,2025-04-23,2025-04-24,2025-04-26,settled,epoch_734787,16794317,protocol_oracle,2025-04-06 20:53:17
STAKE002833,CUST020,ASSET_MATIC,0x3f5ce5fbfe3e9af3971dd833d26ba9b5c936f0be,reward_earned,80.68092444,8.10036085,72.58056359,2025-01-12,2025-01-15,2025-01-18,settled,epoch_696354,15889553,protocol_oracle,2025-01-25 17:40:20
STAKE001566,CUST012,ASSET_ADA,pool1pu5jlj4q9w9jlxeu0z42304fyjrjw36jqsjttxzmlkelh2vqe,reward_earned,35.28535618,3.87008039,31.41527579,2025-04-17,2025-04-17,2025-04-19,settled,epoch_436551,18790742,protocol_oracle,2025-04-09 08:45:51
STAKE002806,CUST020,ASSET_DOT,12xtAYsRUrmbniiWQqJtECiBQrMn8AypQcXhnQAc6RB6XkLW,reward_earned,7.7100998,0.69010949,7.01999031,2025-06-05,,,pending,epoch_951303,17729275,protocol_oracle,2025-06-19 11:04:39
STAKE001990,CUST015,ASSET_ATOM,cosmosvaloper1clpqr4nrk4khgkxj78fcwwh6dl3uw4epsluffn,reward_earned,1.33127919,0.15756839,1.1737108,2025-04-11,2025-05-02,2025-05-05,settled,epoch_446489,15467220,protocol_oracle,2025-04-28 21:54:15
STAKE002137,CUST015,ASSET_AVAX,NodeID-7Xhw2mDxuDS44j42TCB6U5579esbSt3Lg,reward_earned,85.78812971,9.76311986,76.02500985,2024-09-12,2024-09-13,2024-09-13,settled,epoch_607142,15431714,protocol_oracle,2024-09-15 19:49:54
STAKE001510,CUST011,ASSET_ATOM,cosmosvaloper1clpqr4nrk4khgkxj78fcwwh6dl3uw4epsluffn,reward_earned,3.41176288,0.3681298,3.04363308,2025-01-17,2025-02-07,2025-02-09,settled,epoch_121426,17433165,protocol_oracle,2025-01-08 11:26:48
STAKE001128,CUST008,ASSET_DOT,16SpacegeUTft9v3ts27CEC3tJaxgvE4uZeCctThFH3Vb35T,reward_earned,9.08257595,0.76821679,8.31435916,2024-11-05,2024-12-03,2024-12-03,settled,epoch_982747,16359815,protocol_oracle,2024-11-08 22:48:35
STAKE000793,CUST005,ASSET_DOT,16SpacegeUTft9v3ts27CEC3tJaxgvE4uZeCctThFH3Vb35T,reward_earned,3.6890684,0.30916714,3.37990126,2025-04-20,2025-05-18,2025-05-18,settled,epoch_905305,17799992,protocol_oracle,2025-04-11 03:11:36
STAKE000525,CUST004,ASSET_MATIC,0x3f5ce5fbfe3e9af3971dd833d26ba9b5c936f0be,reward_earned,26.27315794,2.94993809,23.32321985,2025-02-11,2025-02-14,2025-02-15,settled,epoch_909508,19604513,protocol_oracle,2025-02-15 21:06:42
STAKE000310,CUST002,ASSET_SOL,GE6atKoWiQ2pt3zL7N13pjNHjdLVys8LinG8qeJLcAiC,reward_earned,0.26754972,0.02487224,0.24267748,2025-01-25,2025-01-27,2025-01-29,settled,epoch_712885,18387100,protocol_oracle,2025-01-03 01:01:54
STAKE001855,CUST014,ASSET_ADA,pool1pu5jlj4q9w9jlxeu0z42304fyjrjw36jqsjttxzmlkelh2vqe,reward_earned,98.5101676,9.40708508,89.10308252,2025-01-13,2025-01-13,2025-01-16,settled,epoch_811751,17013812,protocol_oracle,2025-01-26 04:01:56
STAKE002522,CUST018,ASSET_ADA,pool1pu5jlj4q9w9jlxeu0z42304fyjrjw36jqsjttxzmlkelh2vqe,reward_earned,30.20068237,3.10796548,27.09271689,2025-02-13,2025-02-13,2025-02-16,settled,epoch_338920,17157307,protocol_oracle,2025-02-20 10:58:38
STAKE002944,CUST020,ASSET_SOL,GE6atKoWiQ2pt3zL7N13pjNHjdLVys8LinG8qeJLcAiC,reward_earned,0.35132852,0.03238892,0.3189396,2025-06-24,2025-06-26,2025-06-29,settled,epoch_537332,16534043,protocol_oracle,2025-06-05 01:06:25
STAKE000072,CUST001,ASSET_ETH,0x00000000219ab540356cbb839cbe05303d7705fa,reward_earned,0.04641882,0.00383608,0.04258274,2025-04-01,2025-04-02,2025-04-03,settled,epoch_781516,18095228,protocol_oracle,2025-04-02 02:56:13
STAKE001331,CUST010,ASSET_AVAX,NodeID-7Xhw2mDxuDS44j42TCB6U5579esbSt3Lg,reward_earned,66.34243901,7.53204064,58.81039837,2024-10-13,2024-10-15,2024-10-15,settled,epoch_594442,19078197,protocol_oracle,2024-10-06 14:01:54
STAKE002390,CUST017,ASSET_DOT,16SpacegeUTft9v3ts27CEC3tJaxgvE4uZeCctThFH3Vb35T,reward_earned,4.75775564,0.51061927,4.24713637,2024-09-03,2024-10-01,2024-10-03,settled,epoch_568562,17558920,protocol_oracle,2024-09-13 00:18:11
STAKE001076,CUST008,ASSET_SOL,GE6atKoWiQ2pt3zL7N13pjNHjdLVys8LinG8qeJLcAiC,reward_earned,0.91253325,0.07583277,0.83670048,2024-10-06,2024-10-08,2024-10-10,settled,epoch_495370,15196072,protocol_oracle,2024-10-23 19:15:08
STAKE001602,CUST012,ASSET_SOL,Vote111111111111111111111111111111111111111,reward_earned,0.75476809,0.07453206,0.68023603,2025-01-13,2025-01-15,2025-01-15,settled,epoch_354685,19012008,protocol_oracle,2025-01-28 15:51:46
STAKE001137,CUST008,ASSET_DOT,12xtAYsRUrmbniiWQqJtECiBQrMn8AypQcXhnQAc6RB6XkLW,reward_earned,6.58285347,0.71914837,5.8637051,2025-02-16,2025-03-16,2025-03-18,settled,epoch_169246,18535464,protocol_oracle,2025-02-12 18:38:45
STAKE002476,CUST017,ASSET_ETH,0xae7ab96520de3a18e5e111b5eaab095312d7fe84,reward_earned,0.08575712,0.00944569,0.07631143,2024-11-26,2024-11-28,2024-11-30,settled,epoch_352232,17307660,protocol_oracle,2024-11-27 16:40:16
STAKE000154,CUST001,ASSET_SOL,GE6atKoWiQ2pt3zL7N13pjNHjdLVys8LinG8qeJLcAiC,reward_earned,1.06290216,0.1232333,0.93966886,2025-02-07,2025-02-09,2025-02-09,settled,epoch_229858,19088709,protocol_oracle,2025-02-01 04:49:42
STAKE002194,CUST016,ASSET_ETH,0xae7ab96520de3a18e5e111b5eaab095312d7fe84,reward_earned,0.03310235,0.00378585,0.0293165,2025-01-03,2025-01-04,2025-01-06,settled,epoch_943025,19930476,protocol_oracle,2025-01-09 20:44:03
STAKE001261,CUST009,ASSET_MATIC,0x3f5ce5fbfe3e9af3971dd833d26ba9b5c936f0be,reward_earned,6.64429282,0.76414241,5.88015041,2025-02-04,2025-02-07,2025-02-07,settled,epoch_529728,15175630,protocol_oracle,2025-02-24 22:47:10
STAKE001605,CUST012,ASSET_SOL,Vote111111111111111111111111111111111111111,reward_earned,0.58530068,0.04775862,0.53754206,2025-01-19,2025-01-21,2025-01-24,settled,epoch_437809,17013878,protocol_oracle,2025-01-25 05:52:25
STAKE001777,CUST013,ASSET_SOL,Vote111111111111111111111111111111111111111,reward_earned,1.72076573,0.15007486,1.57069087,2025-02-25,2025-02-27,2025-03-02,settled,epoch_657322,17365454,protocol_oracle,2025-02-22 05:15:47
STAKE002010,CUST015,ASSET_ADA,pool1pu5jlj4q9w9jlxeu0z42304fyjrjw36jqsjttxzmlkelh2vqe,reward_earned,9.5896003,0.80621777,8.78338253,2024-09-27,2024-09-28,2024-09-28,settled,epoch_626786,16803856,protocol_oracle,2024-09-24 14:50:59
