position_id,customer_id,asset_id,quantity,price_usd,valuation_usd,position_date,custodian_ledger_ref,created_at
POS000330,CUST005,ASSET_USDT,44944083.64,0.99,44494642.8,2025-06-28,CUSTREF-CUST005-USDT-202506,2025-06-03 21:54:20
POS001137,CUST017,ASSET_USDC,24675972.24,0.95,23442173.63,2025-03-28,CUSTREF-CUST017-USDC-202503,2025-03-20 07:45:18
POS000805,CUST013,ASSET_MATIC,88281.3168,0.85,75039.12,2025-02-28,CUSTREF-CUST013-MATIC-202502,2025-02-13 13:38:58
POS001074,CUST017,ASSET_ADA,27203.9069,0.48,13057.88,2024-07-28,CUSTREF-CUST017-ADA-202407,2024-07-22 11:55:06
POS000334,CUST005,ASSET_ETH,1221.84411222,3496.65,4272361.21,2025-06-28,CUSTREF-CUST005-ETH-202506,2025-06-12 17:36:23
POS000579,CUST010,ASSET_BTC,127.65425561,66504.05,8489525.0,2024-12-28,CUSTREF-CUST010-BTC-202412,2024-12-08 17:38:38
POS001028,CUST016,ASSET_MATIC,20952.9355,0.85,17810.0,2025-01-28,CUSTREF-CUST016-MATIC-202501,2025-01-27 02:29:51
POS000933,CUST014,ASSET_MATIC,80313.93,0.91,73085.68,2025-06-28,CUSTREF-CUST014-MATIC-202506,2025-06-18 18:16:44
POS000562,CUST010,ASSET_SOL,1453.78572622,181.36,263658.58,2024-08-28,CUSTREF-CUST010-SOL-202408,2024-08-05 18:54:31
POS000170,CUST004,ASSET_ADA,85191.3527,0.48,40891.85,2024-08-28,CUSTREF-CUST004-ADA-202408,2024-08-28 17:24:20
POS000921,CUST014,ASSET_DOT,26382.8906,7.83,206578.03,2025-05-28,CUSTREF-CUST014-DOT-202505,2025-05-20 01:46:24
POS000023,CUST001,ASSET_DOT,84884.7039,7.57,642577.21,2024-12-28,CUSTREF-CUST001-DOT-202412,2024-12-16 15:13:55
POS001288,CUST019,ASSET_MATIC,43523.6971,0.83,36124.67,2025-05-28,CUSTREF-CUST019-MATIC-202505,2025-05-26 14:02:06
POS000551,CUST009,ASSET_ATOM,97902.1156,11.6,1135664.54,2025-06-28,CUSTREF-CUST009-ATOM-202506,2025-06-19 08:54:32
POS001040,CUST016,ASSET_USDT,12779047.45,1.07,13673580.77,2025-02-28,CUSTREF-CUST016-USDT-202502,2025-02-15 12:00:46
POS001146,CUST017,ASSET_ADA,89216.6268,0.45,40147.48,2025-04-28,CUSTREF-CUST017-ADA-202504,2025-04-11 14:50:52
POS001143,CUST017,ASSET_ATOM,34202.0224,12.43,425131.14,2025-04-28,CUSTREF-CUST017-ATOM-202504,2025-04-20 00:53:11
POS000385,CUST006,ASSET_SOL,3466.68756224,179.68,622894.42,2025-03-28,CUSTREF-CUST006-SOL-202503,2025-03-16 11:35:59
POS000603,CUST010,ASSET_ETH,2385.23471841,3434.47,8192017.08,2025-05-28,CUSTREF-CUST010-ETH-202505,2025-05-05 05:59:54
POS000166,CUST004,ASSET_BTC,253.63411932,65937.88,16724096.12,2024-08-28,CUSTREF-CUST004-BTC-202408,2024-08-28 03:55:54
POS001232,CUST019,ASSET_MATIC,65241.3858,0.82,53497.94,2024-09-28,CUSTREF-CUST019-MATIC-202409,2024-09-09 08:51:06
POS000896,CUST014,ASSET_AVAX,17139.6217,36.85,631595.06,2025-01-28,CUSTREF-CUST014-AVAX-202501,2025-01-20 04:50:37
POS000257,CUST005,ASSET_ETH,4758.89609587,3571.65,16997111.24,2024-07-28,CUSTREF-CUST005-ETH-202407,2024-07-15 18:48:37
POS000397,CUST006,ASSET_SOL,3629.4325073,192.58,698956.11,2025-05-28,CUSTREF-CUST006-SOL-202505,2025-05-06 13:56:53
POS000164,CUST004,ASSET_USDC,37260787.06,1.03,38378610.67,2024-07-28,CUSTREF-CUST004-USDC-202407,2024-07-26 12:24:42
POS000919,CUST014,ASSET_USDT,2697434.57,0.98,2643485.88,2025-04-28,CUSTREF-CUST014-USDT-202504,2025-04-21 00:51:05
POS000759,CUST013,ASSET_USDT,31177609.06,1.03,32112937.33,2024-08-28,CUSTREF-CUST013-USDT-202408,2024-08-14 03:32:46
POS000160,CUST004,ASSET_ATOM,83763.8447,12.15,1017730.71,2024-07-28,CUSTREF-CUST004-ATOM-202407,2024-07-22 15:55:09
POS000914,CUST014,ASSET_ATOM,55800.5113,11.38,635009.82,2025-04-28,CUSTREF-CUST014-ATOM-202504,2025-04-18 17:30:16
POS000711,CUST012,ASSET_SOL,2550.37555594,183.9,469014.06,2025-02-28,CUSTREF-CUST012-SOL-202502,2025-02-04 21:01:15
POS000388,CUST006,ASSET_BTC,77.50568035,60237.49,4668747.65,2025-03-28,CUSTREF-CUST006-BTC-202503,2025-03-23 02:22:59
POS001027,CUST016,ASSET_AVAX,36698.7666,35.59,1306109.1,2025-01-28,CUSTREF-CUST016-AVAX-202501,2025-01-03 00:59:58
POS000069,CUST002,ASSET_ETH,469.73790679,3508.65,1648145.91,2024-11-28,CUSTREF-CUST002-ETH-202411,2024-11-21 19:21:05
POS001323,CUST020,ASSET_ADA,53237.2574,0.47,25021.51,2024-10-28,CUSTREF-CUST020-ADA-202410,2024-10-10 14:39:23
POS001085,CUST017,ASSET_AVAX,90982.5658,34.04,3097046.54,2024-09-28,CUSTREF-CUST017-AVAX-202409,2024-09-18 04:13:41
POS000003,CUST001,ASSET_DOT,63931.0545,8.14,520398.78,2024-07-28,CUSTREF-CUST001-DOT-202407,2024-07-05 11:48:10
POS000181,CUST004,ASSET_USDT,48105250.73,1.03,49548408.25,2024-10-28,CUSTREF-CUST004-USDT-202410,2024-10-15 09:12:24
POS000282,CUST005,ASSET_ADA,4464.8736,0.44,1964.54,2024-11-28,CUSTREF-CUST005-ADA-202411,2024-11-24 07:28:39
POS000278,CUST005,ASSET_ETH,4999.88427446,3306.77,16533467.32,2024-10-28,CUSTREF-CUST005-ETH-202410,2024-10-10 03:32:49
POS000553,CUST010,ASSET_ETH,2087.40130438,3253.2,6790733.92,2024-07-28,CUSTREF-CUST010-ETH-202407,2024-07-09 20:08:44
POS000478,CUST008,ASSET_USDC,2423442.34,0.93,2253801.38,2024-12-28,CUSTREF-CUST008-USDC-202412,2024-12-09 17:36:42
POS001384,CUST020,ASSET_USDC,38757146.17,1.04,40307432.02,2025-05-28,CUSTREF-CUST020-USDC-202505,2025-05-02 06:06:02
POS000066,CUST002,ASSET_USDT,15117398.74,1.01,15268572.73,2024-10-28,CUSTREF-CUST002-USDT-202410,2024-10-01 09:18:13
POS000542,CUST009,ASSET_ADA,77277.5091,0.45,34774.88,2025-04-28,CUSTREF-CUST009-ADA-202504,2025-04-17 03:36:07
POS000594,CUST010,ASSET_BTC,158.09858162,67513.61,10673805.98,2025-03-28,CUSTREF-CUST010-BTC-202503,2025-03-24 05:07:00
POS001346,CUST020,ASSET_ETH,1575.00689382,3444.91,5425757.0,2025-01-28,CUSTREF-CUST020-ETH-202501,2025-01-27 07:28:22
POS001377,CUST020,ASSET_BTC,416.55101002,65266.79,27186947.3,2025-05-28,CUSTREF-CUST020-BTC-202505,2025-05-18 22:35:44
POS001200,CUST018,ASSET_AVAX,15511.3024,37.79,586172.12,2025-03-28,CUSTREF-CUST018-AVAX-202503,2025-03-22 04:08:00
POS000770,CUST013,ASSET_USDC,8608562.59,0.98,8436391.34,2024-10-28,CUSTREF-CUST013-USDC-202410,2024-10-15 19:17:56
POS001260,CUST019,ASSET_MATIC,48701.7039,0.9,43831.53,2025-01-28,CUSTREF-CUST019-MATIC-202501,2025-01-15 23:12:08
POS001215,CUST019,ASSET_AVAX,3629.0914,37.37,135619.15,2024-07-28,CUSTREF-CUST019-AVAX-202407,2024-07-24 09:46:50
POS001124,CUST017,ASSET_BTC,413.49998983,60308.76,24937671.65,2025-01-28,CUSTREF-CUST017-BTC-202501,2025-01-05 01:41:22
POS000669,CUST012,ASSET_SOL,2423.47178947,190.48,461622.91,2024-08-28,CUSTREF-CUST012-SOL-202408,2024-08-21 21:14:10
POS000662,CUST012,ASSET_SOL,4609.13917127,193.46,891684.06,2024-07-28,CUSTREF-CUST012-SOL-202407,2024-07-08 20:36:06
POS001329,CUST020,ASSET_BTC,224.71072577,66504.72,14944323.9,2024-11-28,CUSTREF-CUST020-BTC-202411,2024-11-10 06:04:01
POS000630,CUST011,ASSET_ETH,355.26246324,3657.34,1299315.62,2024-11-28,CUSTREF-CUST011-ETH-202411,2024-11-08 04:12:52
POS000362,CUST006,ASSET_DOT,26520.8427,7.83,207658.2,2024-11-28,CUSTREF-CUST006-DOT-202411,2024-11-13 11:02:25
POS001368,CUST020,ASSET_USDC,7392242.32,0.99,7318319.9,2025-03-28,CUSTREF-CUST020-USDC-202503,2025-03-23 04:22:10
POS000094,CUST002,ASSET_ETH,1926.67476704,3641.13,7015273.29,2025-04-28,CUSTREF-CUST002-ETH-202504,2025-04-27 13:16:53
POS001280,CUST019,ASSET_ADA,20695.4058,0.46,9519.89,2025-04-28,CUSTREF-CUST019-ADA-202504,2025-04-17 14:26:15
POS000979,CUST015,ASSET_USDT,33211101.85,1.06,35203767.96,2025-05-28,CUSTREF-CUST015-USDT-202505,2025-05-11 15:29:55
POS001335,CUST020,ASSET_USDT,14290663.48,1.07,15291009.92,2024-11-28,CUSTREF-CUST020-USDT-202411,2024-11-20 05:45:34
POS000100,CUST002,ASSET_USDC,5815190.28,1.05,6105949.79,2025-05-28,CUSTREF-CUST002-USDC-202505,2025-05-10 03:37:01
POS000386,CUST006,ASSET_DOT,93455.0904,8.28,773808.15,2025-03-28,CUSTREF-CUST006-DOT-202503,2025-03-10 03:36:43
POS000518,CUST009,ASSET_ADA,10544.4809,0.44,4639.57,2024-10-28,CUSTREF-CUST009-ADA-202410,2024-10-03 03:53:46
POS001045,CUST016,ASSET_ETH,2328.83053802,3307.42,7702420.7,2025-03-28,CUSTREF-CUST016-ETH-202503,2025-03-09 11:56:37
POS000795,CUST013,ASSET_DOT,35578.384,8.17,290675.4,2025-01-28,CUSTREF-CUST013-DOT-202501,2025-01-26 09:35:33
POS000897,CUST014,ASSET_DOT,82063.2727,7.59,622860.24,2025-02-28,CUSTREF-CUST014-DOT-202502,2025-02-22 16:16:10
POS001087,CUST017,ASSET_ATOM,30968.9398,12.39,383705.16,2024-09-28,CUSTREF-CUST017-ATOM-202409,2024-09-17 04:27:58
POS001128,CUST017,ASSET_ETH,2882.79881252,3534.82,10190174.9,2025-02-28,CUSTREF-CUST017-ETH-202502,2025-02-15 23:37:23
POS001227,CUST019,ASSET_USDT,23254344.91,1.0,23254344.91,2024-09-28,CUSTREF-CUST019-USDT-202409,2024-09-16 23:48:59
POS000426,CUST007,ASSET_USDT,22482002.92,1.07,24055743.12,2024-11-28,CUSTREF-CUST007-USDT-202411,2024-11-13 12:05:43
POS000389,CUST006,ASSET_AVAX,44293.3736,33.64,1490029.09,2025-03-28,CUSTREF-CUST006-AVAX-202503,2025-03-16 06:12:52
POS000070,CUST002,ASSET_USDC,40939330.88,1.04,42576904.12,2024-11-28,CUSTREF-CUST002-USDC-202411,2024-11-22 09:14:51
POS001093,CUST017,ASSET_AVAX,76268.5036,35.63,2717446.78,2024-10-28,CUSTREF-CUST017-AVAX-202410,2024-10-09 19:36:39
POS000449,CUST007,ASSET_ATOM,76193.4721,12.43,947084.86,2025-05-28,CUSTREF-CUST007-ATOM-202505,2025-05-18 06:30:13
POS000283,CUST005,ASSET_BTC,146.03932662,67584.78,9870035.76,2024-11-28,CUSTREF-CUST005-BTC-202411,2024-11-15 07:34:15
POS000197,CUST004,ASSET_USDT,33774344.11,1.0,33774344.11,2024-12-28,CUSTREF-CUST004-USDT-202412,2024-12-20 17:20:58
POS000381,CUST006,ASSET_ATOM,52595.1674,11.64,612207.75,2025-02-28,CUSTREF-CUST006-ATOM-202502,2025-02-06 14:58:34
POS001174,CUST018,ASSET_SOL,2305.1416452,185.31,427165.8,2024-09-28,CUSTREF-CUST018-SOL-202409,2024-09-23 14:30:14
POS000650,CUST011,ASSET_ETH,4744.42410493,3688.55,17500045.53,2025-04-28,CUSTREF-CUST011-ETH-202504,2025-04-26 15:34:19
POS000686,CUST012,ASSET_ETH,1966.17517956,3512.65,6906485.24,2024-10-28,CUSTREF-CUST012-ETH-202410,2024-10-18 21:55:59
POS000154,CUST003,ASSET_ETH,2069.55390209,3345.83,6924375.53,2025-06-28,CUSTREF-CUST003-ETH-202506,2025-06-27 03:29:07
POS000738,CUST012,ASSET_ATOM,68101.7067,12.06,821306.58,2025-06-28,CUSTREF-CUST012-ATOM-202506,2025-06-14 01:55:54
POS000401,CUST006,ASSET_AVAX,98911.0371,35.24,3485624.95,2025-05-28,CUSTREF-CUST006-AVAX-202505,2025-05-16 04:54:32
POS000531,CUST009,ASSET_ATOM,84567.2285,12.23,1034257.2,2025-01-28,CUSTREF-CUST009-ATOM-202501,2025-01-27 21:45:51
POS000373,CUST006,ASSET_SOL,1573.00527687,191.48,301199.05,2025-01-28,CUSTREF-CUST006-SOL-202501,2025-01-28 22:40:01
POS000773,CUST013,ASSET_MATIC,47876.6766,0.84,40216.41,2024-10-28,CUSTREF-CUST013-MATIC-202410,2024-10-26 05:07:08
POS000631,CUST011,ASSET_AVAX,40118.1228,36.04,1445857.15,2024-11-28,CUSTREF-CUST011-AVAX-202411,2024-11-21 02:37:37
POS000018,CUST001,ASSET_ADA,65380.2033,0.46,30074.89,2024-11-28,CUSTREF-CUST001-ADA-202411,2024-11-02 12:46:21
POS000412,CUST007,ASSET_AVAX,94069.4988,34.26,3222821.03,2024-07-28,CUSTREF-CUST007-AVAX-202407,2024-07-08 07:08:30
POS001359,CUST020,ASSET_USDT,37786663.01,0.94,35519463.23,2025-02-28,CUSTREF-CUST020-USDT-202502,2025-02-06 12:18:35
POS000304,CUST005,ASSET_BTC,196.50625416,63682.34,12513978.09,2025-02-28,CUSTREF-CUST005-BTC-202502,2025-02-24 00:22:50
POS000584,CUST010,ASSET_BTC,488.95998918,70063.58,34258287.32,2025-01-28,CUSTREF-CUST010-BTC-202501,2025-01-11 04:24:55
POS000468,CUST008,ASSET_DOT,27546.5996,8.61,237176.22,2024-09-28,CUSTREF-CUST008-DOT-202409,2024-09-01 16:52:44
POS001223,CUST019,ASSET_DOT,96737.8288,8.12,785511.17,2024-08-28,CUSTREF-CUST019-DOT-202408,2024-08-27 04:53:31
POS000238,CUST004,ASSET_BTC,229.55466638,61437.06,14103163.81,2025-05-28,CUSTREF-CUST004-BTC-202505,2025-05-10 23:20:49
POS000924,CUST014,ASSET_ETH,2222.91164028,3332.96,7408875.58,2025-05-28,CUSTREF-CUST014-ETH-202505,2025-05-22 16:18:12
POS001256,CUST019,ASSET_ETH,323.21363225,3778.33,1221207.76,2025-01-28,CUSTREF-CUST019-ETH-202501,2025-01-21 02:23:34
POS000911,CUST014,ASSET_USDT,20501369.35,0.94,19271287.19,2025-03-28,CUSTREF-CUST014-USDT-202503,2025-03-14 20:37:16
POS000709,CUST012,ASSET_BTC,417.30031687,68504.56,28586974.6,2025-01-28,CUSTREF-CUST012-BTC-202501,2025-01-08 01:29:03
POS000247,CUST004,ASSET_DOT,66838.0124,7.81,522004.88,2025-06-28,CUSTREF-CUST004-DOT-202506,2025-06-13 23:02:27
POS000141,CUST003,ASSET_BTC,218.85418876,63152.14,13821110.37,2025-03-28,CUSTREF-CUST003-BTC-202503,2025-03-09 00:05:14
POS000402,CUST006,ASSET_USDC,23454236.37,0.95,22281524.55,2025-05-28,CUSTREF-CUST006-USDC-202505,2025-05-04 10:10:46
POS000574,CUST010,ASSET_BTC,407.61712225,68894.77,28082687.89,2024-11-28,CUSTREF-CUST010-BTC-202411,2024-11-21 21:09:04
POS000320,CUST005,ASSET_ETH,3215.37308694,3663.23,11778651.15,2025-04-28,CUSTREF-CUST005-ETH-202504,2025-04-02 02:42:40
POS000001,CUST001,ASSET_BTC,220.20879908,64518.73,14207592.05,2024-07-28,CUSTREF-CUST001-BTC-202407,2024-07-24 23:16:32
POS001267,CUST019,ASSET_MATIC,65417.7695,0.85,55605.1,2025-02-28,CUSTREF-CUST019-MATIC-202502,2025-02-20 01:15:44
POS001376,CUST020,ASSET_USDC,25218806.36,1.05,26479746.68,2025-04-28,CUSTREF-CUST020-USDC-202504,2025-04-26 17:39:44
POS001263,CUST019,ASSET_ETH,4068.30152962,3761.28,15302021.18,2025-02-28,CUSTREF-CUST019-ETH-202502,2025-02-01 01:21:03
POS000541,CUST009,ASSET_USDC,13815160.62,1.01,13953312.23,2025-04-28,CUSTREF-CUST009-USDC-202504,2025-04-06 14:36:47
POS000524,CUST009,ASSET_USDT,47927284.82,0.96,46010193.43,2024-11-28,CUSTREF-CUST009-USDT-202411,2024-11-13 20:11:11
POS001392,CUST020,ASSET_USDC,9658221.26,0.97,9368474.62,2025-06-28,CUSTREF-CUST020-USDC-202506,2025-06-25 17:00:46
POS001160,CUST017,ASSET_ETH,1589.35752336,3244.66,5156924.78,2025-06-28,CUSTREF-CUST017-ETH-202506,2025-06-28 19:55:05
POS000007,CUST001,ASSET_DOT,81620.723,8.61,702754.43,2024-08-28,CUSTREF-CUST001-DOT-202408,2024-08-18 04:08:42
POS000356,CUST006,ASSET_DOT,96272.3166,8.51,819277.41,2024-10-28,CUSTREF-CUST006-DOT-202410,2024-10-27 10:59:36
POS000424,CUST007,ASSET_AVAX,3270.3136,34.49,112793.12,2024-10-28,CUSTREF-CUST007-AVAX-202410,2024-10-25 04:49:41
POS000101,CUST002,ASSET_USDT,46451469.7,1.01,46915984.4,2025-05-28,CUSTREF-CUST002-USDT-202505,2025-05-13 12:45:12
POS000543,CUST009,ASSET_ATOM,26862.102,12.08,324494.19,2025-04-28,CUSTREF-CUST009-ATOM-202504,2025-04-12 17:52:48
POS000987,CUST016,ASSET_SOL,3841.05255701,188.58,724345.69,2024-07-28,CUSTREF-CUST016-SOL-202407,2024-07-20 07:50:00
POS000991,CUST016,ASSET_USDT,34263550.49,0.97,33235643.98,2024-07-28,CUSTREF-CUST016-USDT-202407,2024-07-24 17:51:17
POS000791,CUST013,ASSET_USDT,25466053.24,0.95,24192750.58,2024-12-28,CUSTREF-CUST013-USDT-202412,2024-12-22 14:21:23
POS001086,CUST017,ASSET_USDT,7014968.69,1.01,7085118.38,2024-09-28,CUSTREF-CUST017-USDT-202409,2024-09-26 06:55:08
POS000180,CUST004,ASSET_USDC,7982983.54,0.99,7903153.7,2024-09-28,CUSTREF-CUST004-USDC-202409,2024-09-12 18:19:40
POS001129,CUST017,ASSET_USDC,46580842.99,0.93,43320183.98,2025-02-28,CUSTREF-CUST017-USDC-202502,2025-02-10 10:23:57
POS001179,CUST018,ASSET_USDC,30261567.55,0.94,28445873.5,2024-10-28,CUSTREF-CUST018-USDC-202410,2024-10-04 12:52:45
POS001229,CUST019,ASSET_AVAX,14600.4681,37.07,541239.35,2024-09-28,CUSTREF-CUST019-AVAX-202409,2024-09-01 09:59:51
POS001171,CUST018,ASSET_USDC,34998338.45,1.02,35698305.22,2024-08-28,CUSTREF-CUST018-USDC-202408,2024-08-10 10:52:12
POS001390,CUST020,ASSET_SOL,2528.14035576,186.58,471700.43,2025-06-28,CUSTREF-CUST020-SOL-202506,2025-06-08 16:36:04
POS000374,CUST006,ASSET_DOT,59731.2706,7.7,459930.78,2025-01-28,CUSTREF-CUST006-DOT-202501,2025-01-21 18:36:14
POS000040,CUST001,ASSET_ETH,1359.10631136,3718.24,5053483.45,2025-04-28,CUSTREF-CUST001-ETH-202504,2025-04-24 17:09:17
POS000587,CUST010,ASSET_SOL,118.27745734,171.81,20321.25,2025-01-28,CUSTREF-CUST010-SOL-202501,2025-01-02 12:32:18
POS001320,CUST020,ASSET_USDC,10568719.38,1.04,10991468.16,2024-09-28,CUSTREF-CUST020-USDC-202409,2024-09-08 10:22:57
POS001366,CUST020,ASSET_SOL,1326.66211209,185.35,245896.82,2025-03-28,CUSTREF-CUST020-SOL-202503,2025-03-23 03:23:32
POS000988,CUST016,ASSET_USDC,27455788.57,0.95,26082999.14,2024-07-28,CUSTREF-CUST016-USDC-202407,2024-07-18 13:25:15
POS001162,CUST017,ASSET_ADA,74580.917,0.42,31323.99,2025-06-28,CUSTREF-CUST017-ADA-202506,2025-06-25 09:40:57
POS000105,CUST002,ASSET_USDC,25347443.4,0.97,24587020.1,2025-06-28,CUSTREF-CUST002-USDC-202506,2025-06-28 13:52:31
POS001123,CUST017,ASSET_DOT,24546.8458,8.06,197847.58,2025-01-28,CUSTREF-CUST017-DOT-202501,2025-01-20 20:35:52
POS000721,CUST012,ASSET_ETH,2627.15759672,3569.22,9376903.44,2025-03-28,CUSTREF-CUST012-ETH-202503,2025-03-19 03:00:32
POS000400,CUST006,ASSET_BTC,9.5872484,65706.8,629947.41,2025-05-28,CUSTREF-CUST006-BTC-202505,2025-05-04 10:18:29
POS001008,CUST016,ASSET_SOL,94.20278665,166.81,15713.97,2024-10-28,CUSTREF-CUST016-SOL-202410,2024-10-26 22:30:44
POS000794,CUST013,ASSET_USDC,22681369.56,0.94,21320487.39,2025-01-28,CUSTREF-CUST013-USDC-202501,2025-01-22 07:00:21
POS001249,CUST019,ASSET_ETH,410.95154173,3539.95,1454747.91,2024-12-28,CUSTREF-CUST019-ETH-202412,2024-12-09 14:01:57
POS001281,CUST019,ASSET_MATIC,93815.1521,0.87,81619.18,2025-04-28,CUSTREF-CUST019-MATIC-202504,2025-04-02 19:11:45
POS000031,CUST001,ASSET_DOT,94165.4531,8.09,761798.52,2025-02-28,CUSTREF-CUST001-DOT-202502,2025-02-19 19:02:39
POS000761,CUST013,ASSET_SOL,3064.55895632,188.01,576167.73,2024-09-28,CUSTREF-CUST013-SOL-202409,2024-09-27 16:12:22
POS001268,CUST019,ASSET_SOL,3261.49277461,166.01,541440.42,2025-02-28,CUSTREF-CUST019-SOL-202502,2025-02-21 01:57:19
POS001153,CUST017,ASSET_USDC,13647721.09,0.93,12692380.61,2025-05-28,CUSTREF-CUST017-USDC-202505,2025-05-08 11:28:53
POS000118,CUST003,ASSET_ETH,3529.13196382,3371.71,11899209.53,2024-09-28,CUSTREF-CUST003-ETH-202409,2024-09-09 07:07:46
POS000496,CUST008,ASSET_DOT,30183.0134,7.99,241162.28,2025-04-28,CUSTREF-CUST008-DOT-202504,2025-04-03 05:27:17
POS000376,CUST006,ASSET_BTC,311.76922372,68548.14,21371200.4,2025-01-28,CUSTREF-CUST006-BTC-202501,2025-01-05 21:15:02
POS001370,CUST020,ASSET_ETH,1493.73728351,3577.81,5344308.19,2025-04-28,CUSTREF-CUST020-ETH-202504,2025-04-03 16:12:49
POS000724,CUST012,ASSET_ATOM,33694.737,11.57,389848.11,2025-04-28,CUSTREF-CUST012-ATOM-202504,2025-04-11 08:16:41
POS000900,CUST014,ASSET_ETH,4304.97887545,3502.44,15077930.21,2025-02-28,CUSTREF-CUST014-ETH-202502,2025-02-14 04:38:06
POS000406,CUST006,ASSET_BTC,47.93519607,66760.26,3200166.15,2025-06-28,CUSTREF-CUST006-BTC-202506,2025-06-06 04:30:20
POS000395,CUST006,ASSET_AVAX,20025.6519,37.6,752964.51,2025-04-28,CUSTREF-CUST006-AVAX-202504,2025-04-11 09:41:03
POS000428,CUST007,ASSET_AVAX,11951.4534,37.76,451286.88,2024-11-28,CUSTREF-CUST007-AVAX-202411,2024-11-13 16:08:46
POS000522,CUST009,ASSET_ADA,34373.487,0.42,14436.86,2024-11-28,CUSTREF-CUST009-ADA-202411,2024-11-26 05:59:47
POS000128,CUST003,ASSET_USDC,49696514.32,0.94,46714723.46,2024-11-28,CUSTREF-CUST003-USDC-202411,2024-11-25 13:38:38
POS000312,CUST005,ASSET_AVAX,35761.7202,36.57,1307806.11,2025-03-28,CUSTREF-CUST005-AVAX-202503,2025-03-28 20:21:17
POS000420,CUST007,ASSET_AVAX,45397.8868,35.07,1592103.89,2024-09-28,CUSTREF-CUST007-AVAX-202409,2024-09-15 18:03:35
POS000842,CUST014,ASSET_ATOM,62730.6143,11.44,717638.23,2024-07-28,CUSTREF-CUST014-ATOM-202407,2024-07-21 06:55:43
POS001209,CUST018,ASSET_ETH,3664.41807389,3514.79,12879660.0,2025-06-28,CUSTREF-CUST018-ETH-202506,2025-06-28 08:29:33
POS000274,CUST005,ASSET_USDT,18896297.37,1.05,19841112.24,2024-10-28,CUSTREF-CUST005-USDT-202410,2024-10-27 04:42:44
POS001275,CUST019,ASSET_SOL,2105.01390496,185.65,390795.83,2025-03-28,CUSTREF-CUST019-SOL-202503,2025-03-18 05:28:15
POS000326,CUST005,ASSET_AVAX,64991.1176,33.6,2183701.55,2025-05-28,CUSTREF-CUST005-AVAX-202505,2025-05-04 00:47:11
POS000629,CUST011,ASSET_DOT,55057.0771,7.48,411826.94,2024-11-28,CUSTREF-CUST011-DOT-202411,2024-11-04 04:07:00
POS001039,CUST016,ASSET_ATOM,24148.1834,12.09,291951.54,2025-02-28,CUSTREF-CUST016-ATOM-202502,2025-02-13 17:59:47
POS000020,CUST001,ASSET_ETH,743.90237062,3322.75,2471801.6,2024-11-28,CUSTREF-CUST001-ETH-202411,2024-11-15 07:55:59
POS001050,CUST016,ASSET_SOL,2902.60429597,167.86,487231.16,2025-04-28,CUSTREF-CUST016-SOL-202504,2025-04-02 10:22:56
POS000554,CUST010,ASSET_BTC,433.70900352,62396.64,27061984.56,2024-07-28,CUSTREF-CUST010-BTC-202407,2024-07-23 10:53:15
POS000850,CUST014,ASSET_ATOM,84840.2988,11.73,995176.7,2024-08-28,CUSTREF-CUST014-ATOM-202408,2024-08-17 03:18:50
POS000034,CUST001,ASSET_ADA,13174.7404,0.46,6060.38,2025-03-28,CUSTREF-CUST001-ADA-202503,2025-03-15 10:59:48
POS000179,CUST004,ASSET_MATIC,66717.3877,0.9,60045.65,2024-09-28,CUSTREF-CUST004-MATIC-202409,2024-09-15 09:43:34
POS000498,CUST008,ASSET_USDC,36072882.68,1.0,36072882.68,2025-05-28,CUSTREF-CUST008-USDC-202505,2025-05-20 06:29:06
POS001024,CUST016,ASSET_ETH,266.69745396,3745.17,998827.3,2024-12-28,CUSTREF-CUST016-ETH-202412,2024-12-06 01:12:06
POS000021,CUST001,ASSET_BTC,42.31551975,68203.43,2886063.59,2024-12-28,CUSTREF-CUST001-BTC-202412,2024-12-28 17:06:03
POS000822,CUST013,ASSET_ATOM,31334.1327,12.1,379143.01,2025-04-28,CUSTREF-CUST013-ATOM-202504,2025-04-01 23:16:12
POS001305,CUST020,ASSET_BTC,385.46016346,60149.65,23185293.92,2024-08-28,CUSTREF-CUST020-BTC-202408,2024-08-17 12:30:51
POS000038,CUST001,ASSET_ADA,70383.6385,0.46,32376.47,2025-04-28,CUSTREF-CUST001-ADA-202504,2025-04-26 20:33:00
POS001049,CUST016,ASSET_MATIC,90774.7987,0.86,78066.33,2025-04-28,CUSTREF-CUST016-MATIC-202504,2025-04-10 01:46:51
POS000239,CUST004,ASSET_DOT,94146.6017,8.12,764470.41,2025-05-28,CUSTREF-CUST004-DOT-202505,2025-05-02 04:10:48
POS000651,CUST011,ASSET_AVAX,17638.1211,32.41,571651.5,2025-04-28,CUSTREF-CUST011-AVAX-202504,2025-04-02 07:38:14
POS000934,CUST014,ASSET_SOL,2241.70477079,176.46,395571.22,2025-06-28,CUSTREF-CUST014-SOL-202506,2025-06-16 07:48:21
POS001238,CUST019,ASSET_ADA,2467.6772,0.42,1036.42,2024-10-28,CUSTREF-CUST019-ADA-202410,2024-10-20 21:57:53
POS000459,CUST008,ASSET_ETH,1266.36358106,3528.36,4468186.6,2024-07-28,CUSTREF-CUST008-ETH-202407,2024-07-22 10:16:48
POS000734,CUST012,ASSET_USDC,32756288.75,0.96,31446037.2,2025-05-28,CUSTREF-CUST012-USDC-202505,2025-05-08 23:55:19
POS000601,CUST010,ASSET_AVAX,25586.0965,32.78,838712.24,2025-04-28,CUSTREF-CUST010-AVAX-202504,2025-04-19 21:46:07
POS000064,CUST002,ASSET_ETH,1664.60537904,3610.44,6009957.84,2024-10-28,CUSTREF-CUST002-ETH-202410,2024-10-18 04:12:26
POS000537,CUST009,ASSET_USDC,22604948.44,0.93,21022602.05,2025-03-28,CUSTREF-CUST009-USDC-202503,2025-03-12 00:31:08
POS001096,CUST017,ASSET_ETH,3265.36433772,3323.03,10850903.66,2024-10-28,CUSTREF-CUST017-ETH-202410,2024-10-13 15:30:08
POS000713,CUST012,ASSET_USDC,17553019.09,0.95,16675368.14,2025-02-28,CUSTREF-CUST012-USDC-202502,2025-02-09 23:53:44
POS000211,CUST004,ASSET_MATIC,98753.9777,0.86,84928.42,2025-01-28,CUSTREF-CUST004-MATIC-202501,2025-01-26 05:07:42
POS001334,CUST020,ASSET_SOL,1172.57059363,176.31,206735.92,2024-11-28,CUSTREF-CUST020-SOL-202411,2024-11-10 01:09:22
POS001134,CUST017,ASSET_USDT,34463848.48,1.07,36876317.87,2025-03-28,CUSTREF-CUST017-USDT-202503,2025-03-23 09:27:38
POS001356,CUST020,ASSET_AVAX,30392.7907,37.73,1146719.99,2025-02-28,CUSTREF-CUST020-AVAX-202502,2025-02-17 10:04:59
POS001047,CUST016,ASSET_USDT,28496340.35,0.95,27071523.33,2025-03-28,CUSTREF-CUST016-USDT-202503,2025-03-03 23:20:50
POS001068,CUST016,ASSET_USDT,34720381.73,0.94,32637158.83,2025-06-28,CUSTREF-CUST016-USDT-202506,2025-06-15 15:01:21
POS001109,CUST017,ASSET_AVAX,45224.639,36.25,1639393.16,2024-12-28,CUSTREF-CUST017-AVAX-202412,2024-12-04 05:49:37
POS000695,CUST012,ASSET_BTC,313.41367465,65234.64,20445428.24,2024-11-28,CUSTREF-CUST012-BTC-202411,2024-11-14 03:26:09
POS000506,CUST009,ASSET_ADA,55054.9058,0.48,26426.35,2024-07-28,CUSTREF-CUST009-ADA-202407,2024-07-15 22:13:28
POS000856,CUST014,ASSET_AVAX,4273.1367,35.41,151311.77,2024-08-28,CUSTREF-CUST014-AVAX-202408,2024-08-13 17:35:05
POS000592,CUST010,ASSET_SOL,377.26966393,185.72,70066.52,2025-02-28,CUSTREF-CUST010-SOL-202502,2025-02-24 07:03:15
POS000315,CUST005,ASSET_SOL,1868.36728845,188.56,352299.34,2025-03-28,CUSTREF-CUST005-SOL-202503,2025-03-09 02:46:27
POS000620,CUST011,ASSET_SOL,4262.02284365,192.27,819459.13,2024-08-28,CUSTREF-CUST011-SOL-202408,2024-08-13 22:53:47
POS000956,CUST015,ASSET_USDC,11505480.8,0.94,10815151.95,2024-11-28,CUSTREF-CUST015-USDC-202411,2024-11-09 07:35:27
POS000382,CUST006,ASSET_BTC,174.45187375,63484.58,11075003.94,2025-02-28,CUSTREF-CUST006-BTC-202502,2025-02-25 23:43:41
POS000534,CUST009,ASSET_ADA,51131.4045,0.44,22497.82,2025-02-28,CUSTREF-CUST009-ADA-202502,2025-02-05 18:24:27
POS001298,CUST020,ASSET_ETH,2319.9656786,3315.87,7692704.59,2024-07-28,CUSTREF-CUST020-ETH-202407,2024-07-11 07:56:18
POS001286,CUST019,ASSET_DOT,79681.6359,8.24,656576.68,2025-05-28,CUSTREF-CUST019-DOT-202505,2025-05-16 15:11:10
POS001237,CUST019,ASSET_DOT,44649.6261,7.64,341123.14,2024-10-28,CUSTREF-CUST019-DOT-202410,2024-10-10 08:12:02
POS000340,CUST006,ASSET_BTC,483.3009839,64299.23,31075881.12,2024-07-28,CUSTREF-CUST006-BTC-202407,2024-07-28 01:53:07
POS001090,CUST017,ASSET_ADA,87975.8483,0.47,41348.65,2024-09-28,CUSTREF-CUST017-ADA-202409,2024-09-25 10:56:26
POS000307,CUST005,ASSET_DOT,33920.8711,8.18,277472.73,2025-02-28,CUSTREF-CUST005-DOT-202502,2025-02-27 21:29:44
POS000002,CUST001,ASSET_ADA,76220.0237,0.45,34299.01,2024-07-28,CUSTREF-CUST001-ADA-202407,2024-07-04 20:19:53
POS000989,CUST016,ASSET_ETH,858.18400188,3632.79,3117602.26,2024-07-28,CUSTREF-CUST016-ETH-202407,2024-07-13 12:14:16
POS000407,CUST006,ASSET_AVAX,93588.9562,32.24,3017307.95,2025-06-28,CUSTREF-CUST006-AVAX-202506,2025-06-13 07:28:48
POS001193,CUST018,ASSET_ETH,2201.89881513,3770.24,8301686.99,2025-02-28,CUSTREF-CUST018-ETH-202502,2025-02-12 02:37:00
POS000743,CUST012,ASSET_AVAX,15927.6682,36.6,582952.66,2025-06-28,CUSTREF-CUST012-AVAX-202506,2025-06-25 02:08:39
POS001307,CUST020,ASSET_ADA,55892.8479,0.41,22916.07,2024-08-28,CUSTREF-CUST020-ADA-202408,2024-08-24 13:13:08
POS001203,CUST018,ASSET_USDC,43021622.83,1.06,45602920.2,2025-04-28,CUSTREF-CUST018-USDC-202504,2025-04-23 19:59:27
POS000576,CUST010,ASSET_AVAX,72270.9594,35.72,2581518.67,2024-11-28,CUSTREF-CUST010-AVAX-202411,2024-11-05 13:39:43
POS000013,CUST001,ASSET_BTC,355.38126854,60412.29,21469396.26,2024-10-28,CUSTREF-CUST001-BTC-202410,2024-10-03 01:55:21
POS000287,CUST005,ASSET_SOL,735.07274629,172.8,127020.57,2024-11-28,CUSTREF-CUST005-SOL-202411,2024-11-21 15:55:23
POS000091,CUST002,ASSET_USDT,1445625.95,0.98,1416713.43,2025-03-28,CUSTREF-CUST002-USDT-202503,2025-03-19 21:01:05
POS000234,CUST004,ASSET_ADA,65817.3397,0.46,30275.98,2025-04-28,CUSTREF-CUST004-ADA-202504,2025-04-01 05:17:44
POS000277,CUST005,ASSET_AVAX,95121.8144,34.11,3244605.09,2024-10-28,CUSTREF-CUST005-AVAX-202410,2024-10-25 15:12:14
POS000749,CUST013,ASSET_MATIC,29890.4051,0.82,24510.13,2024-07-28,CUSTREF-CUST013-MATIC-202407,2024-07-24 16:38:33
POS000667,CUST012,ASSET_BTC,28.83299158,64357.49,1855618.97,2024-07-28,CUSTREF-CUST012-BTC-202407,2024-07-14 05:56:26
POS000926,CUST014,ASSET_SOL,888.94031447,166.64,148133.01,2025-05-28,CUSTREF-CUST014-SOL-202505,2025-05-08 20:00:10
POS000299,CUST005,ASSET_ETH,4530.47708403,3554.17,16102085.74,2025-01-28,CUSTREF-CUST005-ETH-202501,2025-01-01 20:32:36
POS000725,CUST012,ASSET_SOL,3569.91418908,191.3,682924.58,2025-04-28,CUSTREF-CUST012-SOL-202504,2025-04-10 06:09:33
POS000943,CUST015,ASSET_USDT,41763529.96,1.05,43851706.46,2024-08-28,CUSTREF-CUST015-USDT-202408,2024-08-12 04:49:06
POS000130,CUST003,ASSET_ETH,2241.4689699,3701.69,8297223.27,2024-12-28,CUSTREF-CUST003-ETH-202412,2024-12-14 09:36:39
POS001355,CUST020,ASSET_ADA,41477.9594,0.47,19494.64,2025-02-28,CUSTREF-CUST020-ADA-202502,2025-02-20 02:09:13
POS001316,CUST020,ASSET_AVAX,36462.6532,32.49,1184671.6,2024-09-28,CUSTREF-CUST020-AVAX-202409,2024-09-13 11:29:39
POS000452,CUST007,ASSET_AVAX,69593.0659,36.14,2515093.4,2025-05-28,CUSTREF-CUST007-AVAX-202505,2025-05-13 07:35:20
POS000199,CUST004,ASSET_DOT,30288.7984,7.88,238675.73,2024-12-28,CUSTREF-CUST004-DOT-202412,2024-12-05 01:02:19
POS001170,CUST018,ASSET_SOL,935.96581659,182.77,171066.47,2024-08-28,CUSTREF-CUST018-SOL-202408,2024-08-19 20:53:44
POS000535,CUST009,ASSET_ATOM,18656.7946,12.26,228732.3,2025-02-28,CUSTREF-CUST009-ATOM-202502,2025-02-23 20:59:11
POS000399,CUST006,ASSET_ATOM,18712.532,12.48,233532.4,2025-05-28,CUSTREF-CUST006-ATOM-202505,2025-05-28 09:56:02
POS000978,CUST015,ASSET_ATOM,44371.7266,11.28,500513.08,2025-05-28,CUSTREF-CUST015-ATOM-202505,2025-05-17 05:01:02
POS000741,CUST012,ASSET_USDC,4132492.2,0.97,4008517.43,2025-06-28,CUSTREF-CUST012-USDC-202506,2025-06-06 10:40:03
POS000876,CUST014,ASSET_ETH,2535.72798485,3591.1,9106052.77,2024-11-28,CUSTREF-CUST014-ETH-202411,2024-11-28 19:43:10
POS000858,CUST014,ASSET_ATOM,90572.2402,12.67,1147550.28,2024-09-28,CUSTREF-CUST014-ATOM-202409,2024-09-05 05:11:14
POS000008,CUST001,ASSET_ETH,2402.64777159,3527.89,8476277.05,2024-08-28,CUSTREF-CUST001-ETH-202408,2024-08-09 16:55:38
POS001010,CUST016,ASSET_ETH,502.43768391,3566.44,1791913.85,2024-10-28,CUSTREF-CUST016-ETH-202410,2024-10-25 20:03:03
POS001077,CUST017,ASSET_AVAX,53202.9085,33.24,1768464.68,2024-08-28,CUSTREF-CUST017-AVAX-202408,2024-08-17 14:35:59
POS000163,CUST004,ASSET_MATIC,57222.5844,0.81,46350.29,2024-07-28,CUSTREF-CUST004-MATIC-202407,2024-07-25 13:02:20
POS000729,CUST012,ASSET_AVAX,70836.089,35.4,2507597.55,2025-04-28,CUSTREF-CUST012-AVAX-202504,2025-04-07 10:46:45
POS000816,CUST013,ASSET_ADA,75043.4834,0.43,32268.7,2025-03-28,CUSTREF-CUST013-ADA-202503,2025-03-10 21:16:09
POS000679,CUST012,ASSET_ETH,177.39167902,3315.67,588172.27,2024-09-28,CUSTREF-CUST012-ETH-202409,2024-09-10 02:30:54
POS000080,CUST002,ASSET_USDC,22558480.89,1.04,23460820.13,2025-01-28,CUSTREF-CUST002-USDC-202501,2025-01-27 20:17:49
POS000142,CUST003,ASSET_ETH,4811.45995585,3688.14,17745337.92,2025-03-28,CUSTREF-CUST003-ETH-202503,2025-03-19 18:01:48
POS001365,CUST020,ASSET_ATOM,59929.2432,11.73,702970.02,2025-03-28,CUSTREF-CUST020-ATOM-202503,2025-03-16 18:27:55
POS000048,CUST001,ASSET_ETH,1089.87886478,3359.74,3661709.62,2025-06-28,CUSTREF-CUST001-ETH-202506,2025-06-04 11:49:35
POS000110,CUST003,ASSET_ETH,2281.46990096,3640.27,8305166.44,2024-07-28,CUSTREF-CUST003-ETH-202407,2024-07-19 19:42:24
POS000970,CUST015,ASSET_ATOM,65336.0084,12.4,810166.5,2025-03-28,CUSTREF-CUST015-ATOM-202503,2025-03-20 20:25:17
POS001265,CUST019,ASSET_DOT,65419.6085,8.03,525319.46,2025-02-28,CUSTREF-CUST019-DOT-202502,2025-02-22 17:09:47
POS000416,CUST007,ASSET_AVAX,52864.4951,34.23,1809551.67,2024-08-28,CUSTREF-CUST007-AVAX-202408,2024-08-19 03:03:53
POS001195,CUST018,ASSET_USDC,3214286.87,1.06,3407144.08,2025-02-28,CUSTREF-CUST018-USDC-202502,2025-02-02 00:45:35
POS000285,CUST005,ASSET_ETH,4738.29434271,3771.29,17869482.07,2024-11-28,CUSTREF-CUST005-ETH-202411,2024-11-15 09:49:24
POS000293,CUST005,ASSET_DOT,9998.4041,8.27,82686.8,2024-12-28,CUSTREF-CUST005-DOT-202412,2024-12-11 04:08:02
POS000965,CUST015,ASSET_DOT,53889.9816,8.61,463992.74,2025-02-28,CUSTREF-CUST015-DOT-202502,2025-02-10 11:20:43
POS000102,CUST002,ASSET_ADA,7692.0481,0.46,3538.34,2025-05-28,CUSTREF-CUST002-ADA-202505,2025-05-21 07:06:44
POS000208,CUST004,ASSET_ATOM,24432.5328,11.28,275598.97,2025-01-28,CUSTREF-CUST004-ATOM-202501,2025-01-19 06:04:53
POS001194,CUST018,ASSET_SOL,3076.87924305,180.3,554761.33,2025-02-28,CUSTREF-CUST018-SOL-202502,2025-02-28 04:54:18
POS000831,CUST013,ASSET_USDT,39516418.3,1.01,39911582.48,2025-05-28,CUSTREF-CUST013-USDT-202505,2025-05-03 22:20:33
POS000339,CUST006,ASSET_ATOM,87808.2191,12.54,1101115.07,2024-07-28,CUSTREF-CUST006-ATOM-202407,2024-07-21 18:11:49
POS000229,CUST004,ASSET_USDT,43417798.23,1.04,45154510.16,2025-04-28,CUSTREF-CUST004-USDT-202504,2025-04-10 19:19:22
POS000207,CUST004,ASSET_DOT,21289.371,8.18,174147.05,2025-01-28,CUSTREF-CUST004-DOT-202501,2025-01-01 01:50:21
POS001149,CUST017,ASSET_AVAX,68580.7807,36.68,2515543.04,2025-05-28,CUSTREF-CUST017-AVAX-202505,2025-05-26 11:04:09
POS000622,CUST011,ASSET_ETH,3910.68806322,3547.44,13872931.26,2024-09-28,CUSTREF-CUST011-ETH-202409,2024-09-05 03:10:28
POS000144,CUST003,ASSET_USDC,32610323.52,1.07,34893046.17,2025-03-28,CUSTREF-CUST003-USDC-202503,2025-03-06 18:27:40
POS000487,CUST008,ASSET_ETH,2950.08184999,3432.84,10127158.98,2025-02-28,CUSTREF-CUST008-ETH-202502,2025-02-25 19:18:51
POS000432,CUST007,ASSET_AVAX,72529.8922,32.83,2381156.36,2024-12-28,CUSTREF-CUST007-AVAX-202412,2024-12-26 21:26:39
POS000161,CUST004,ASSET_AVAX,44710.0846,34.91,1560829.05,2024-07-28,CUSTREF-CUST004-AVAX-202407,2024-07-11 17:48:34
POS000390,CUST006,ASSET_USDC,26975038.39,1.07,28863291.08,2025-03-28,CUSTREF-CUST006-USDC-202503,2025-03-23 08:08:06
POS000656,CUST011,ASSET_SOL,2950.7824827,175.29,517242.66,2025-05-28,CUSTREF-CUST011-SOL-202505,2025-05-11 04:10:46
POS000578,CUST010,ASSET_ETH,2968.39089292,3435.06,10196600.82,2024-12-28,CUSTREF-CUST010-ETH-202412,2024-12-14 10:50:08
POS001301,CUST020,ASSET_ATOM,52224.7013,12.7,663253.71,2024-07-28,CUSTREF-CUST020-ATOM-202407,2024-07-07 18:30:53
POS000722,CUST012,ASSET_AVAX,99942.995,37.61,3758856.04,2025-03-28,CUSTREF-CUST012-AVAX-202503,2025-03-27 11:35:41
POS000733,CUST012,ASSET_USDT,40436359.07,1.04,42053813.43,2025-05-28,CUSTREF-CUST012-USDT-202505,2025-05-06 21:57:21
POS000357,CUST006,ASSET_ATOM,72140.73,11.4,822404.32,2024-10-28,CUSTREF-CUST006-ATOM-202410,2024-10-06 15:32:29
POS001198,CUST018,ASSET_SOL,1944.80859347,176.59,343433.75,2025-03-28,CUSTREF-CUST018-SOL-202503,2025-03-18 06:42:11
POS000202,CUST004,ASSET_ADA,58775.3005,0.47,27624.39,2024-12-28,CUSTREF-CUST004-ADA-202412,2024-12-14 20:06:53
POS000458,CUST008,ASSET_USDC,14830095.15,0.95,14088590.39,2024-07-28,CUSTREF-CUST008-USDC-202407,2024-07-08 12:36:53
POS000223,CUST004,ASSET_DOT,43063.9872,8.5,366043.89,2025-03-28,CUSTREF-CUST004-DOT-202503,2025-03-14 10:52:29
POS001190,CUST018,ASSET_SOL,3797.53470105,184.63,701138.83,2025-01-28,CUSTREF-CUST018-SOL-202501,2025-01-15 17:18:24
POS000206,CUST004,ASSET_BTC,141.56131323,69869.35,9890796.94,2025-01-28,CUSTREF-CUST004-BTC-202501,2025-01-28 14:05:42
POS001218,CUST019,ASSET_MATIC,28752.8839,0.79,22714.78,2024-07-28,CUSTREF-CUST019-MATIC-202407,2024-07-17 02:54:50
POS000671,CUST012,ASSET_USDC,13130272.73,0.94,12342456.37,2024-08-28,CUSTREF-CUST012-USDC-202408,2024-08-11 05:56:24
POS000316,CUST005,ASSET_USDT,4038457.6,1.02,4119226.75,2025-04-28,CUSTREF-CUST005-USDT-202504,2025-04-27 05:34:18
POS000036,CUST001,ASSET_ETH,2711.2903003,3503.3,9498463.31,2025-03-28,CUSTREF-CUST001-ETH-202503,2025-03-05 11:56:04
POS001026,CUST016,ASSET_USDT,32930270.79,1.0,32930270.79,2024-12-28,CUSTREF-CUST016-USDT-202412,2024-12-23 18:16:03
POS000545,CUST009,ASSET_USDC,36825836.01,1.02,37562352.73,2025-05-28,CUSTREF-CUST009-USDC-202505,2025-05-08 09:55:02
POS000796,CUST013,ASSET_ETH,1900.75728428,3279.54,6233609.54,2025-01-28,CUSTREF-CUST013-ETH-202501,2025-01-06 15:08:52
POS000814,CUST013,ASSET_ATOM,53436.8901,12.72,679717.24,2025-03-28,CUSTREF-CUST013-ATOM-202503,2025-03-14 00:33:06
POS000016,CUST001,ASSET_ETH,3933.86615024,3672.2,14445943.28,2024-10-28,CUSTREF-CUST001-ETH-202410,2024-10-07 03:06:42
POS000917,CUST014,ASSET_MATIC,78332.6151,0.91,71282.68,2025-04-28,CUSTREF-CUST014-MATIC-202504,2025-04-04 06:32:25
